time_ms,I,II,III,aVR,aVL,aVF,V1,V2,V3,V4,V5,V6
0.0,3,7,-3,-1,4,0,-1,3,11,12,1,1
1.0,3,7,-3,-1,4,0,-1,14,10,1,1,1
2.0,3,7,-3,-1,4,0,-1,11,0,4,2,1
3.0,3,7,-2,-1,4,0,-1,3,4,12,2,1
4.0,3,7,-2,-1,4,0,-1,8,11,6,2,0
5.0,3,8,-2,-1,4,0,-1,14,4,1,2,0
6.0,3,8,-2,-1,4,0,-1,5,0,2,2,0
7.0,3,8,-2,-1,4,0,-1,2,10,11,2,0
8.0,3,8,-2,-1,3,0,-1,8,11,12,2,0
9.0,3,8,-2,-1,3,0,-1,7,11,2,2,0
10.0,2,8,-2,-1,3,0,-1,2,11,5,2,0
11.0,2,8,-2,-1,3,0,-1,5,11,12,2,0
12.0,2,8,-2,-1,3,1,-1,8,11,6,2,0
13.0,2,8,-2,-1,3,1,-1,5,11,1,2,0
14.0,2,8,-2,-1,3,1,-1,4,11,10,2,0
15.0,2,8,-2,-1,3,1,-1,3,5,12,2,0
16.0,2,8,-2,-1,3,1,-1,1,3,4,2,0
17.0,2,8,-2,-1,3,1,-1,1,3,2,2,0
18.0,2,8,-1,-1,3,1,-1,1,3,2,2,0
19.0,2,8,-1,-1,3,1,-1,1,3,2,2,0
20.0,2,8,-1,-1,3,1,-1,1,3,2,2,0
21.0,2,8,-1,-1,3,1,-1,1,3,2,2,0
22.0,2,8,-1,-1,3,1,-1,1,3,2,2,0
23.0,2,8,-1,-1,3,1,-1,1,3,2,2,0
24.0,2,9,-1,-1,3,2,-1,1,3,2,2,0
25.0,2,9,-1,-1,3,2,-1,1,3,2,2,0
26.0,2,9,-1,-1,3,2,-1,1,3,2,2,0
27.0,2,9,-1,-1,3,2,-1,0,3,2,2,0
28.0,2,9,-1,-1,3,2,-1,0,3,2,2,0
29.0,2,9,-1,-1,3,2,-1,0,3,2,2,0
30.0,2,9,0,-1,3,2,-1,0,3,2,2,0
31.0,2,9,0,-1,3,2,-1,0,3,2,2,0
32.0,3,9,0,-1,3,2,-1,0,3,2,2,0
33.0,3,9,0,-2,3,2,-1,0,3,2,2,0
34.0,3,9,0,-2,3,2,-1,0,3,2,2,0
35.0,3,9,0,-2,3,2,-1,0,3,2,2,0
36.0,3,9,0,-2,3,2,-1,0,3,2,2,0
37.0,3,9,0,-2,3,2,-1,0,3,2,2,0
38.0,3,9,0,-2,3,2,-1,0,3,2,2,0
39.0,3,10,0,-2,3,2,-1,0,3,2,2,0
40.0,3,10,0,-2,3,2,-1,0,3,2,2,0
41.0,3,10,0,-2,3,2,-1,0,3,2,2,0
42.0,3,10,0,-2,3,3,-1,0,3,2,2,0
43.0,3,10,0,-2,3,3,-1,0,3,2,2,0
44.0,2,9,0,-2,3,3,-1,0,3,2,2,0
45.0,2,9,0,-2,3,3,-1,0,3,2,2,0
46.0,2,9,0,-2,3,3,-1,0,3,2,2,0
47.0,2,9,0,-2,3,3,-1,0,3,2,2,0
48.0,2,9,0,-2,3,3,-1,0,3,2,2,0
49.0,2,9,0,-2,2,3,-1,0,3,2,2,0
50.0,2,9,0,-2,2,3,-1,0,3,2,2,0
51.0,2,9,0,-2,2,3,-1,0,2,2,2,0
52.0,2,9,0,-2,2,3,-1,0,2,2,2,0
53.0,2,9,0,-2,2,3,-1,0,2,2,2,0
54.0,2,9,0,-2,2,3,-1,0,2,2,2,0
55.0,2,9,0,-2,2,3,-1,0,2,2,2,0
56.0,2,9,0,-2,2,3,-1,0,2,2,2,0
57.0,2,9,0,-2,2,3,-1,0,3,2,2,0
58.0,2,9,1,-2,2,3,-1,0,3,2,2,0
59.0,2,9,1,-2,2,3,-1,0,3,2,2,0
60.0,2,9,1,-2,2,3,-1,0,3,2,2,0
61.0,2,9,1,-2,2,3,-1,0,3,2,2,0
62.0,2,9,1,-2,2,3,-1,0,3,2,2,0
63.0,2,9,1,-2,2,3,-1,0,3,2,2,0
64.0,2,9,1,-2,2,3,-1,0,3,2,2,0
65.0,2,9,1,-2,2,3,-1,0,2,2,2,0
66.0,2,9,1,-2,2,3,-1,0,2,2,2,0
67.0,2,9,1,-2,2,3,-1,0,2,2,2,0
68.0,2,9,1,-2,2,3,-1,0,2,2,2,0
69.0,2,9,1,-2,2,3,-1,0,2,2,2,0
70.0,2,9,1,-2,2,3,-1,0,2,2,2,0
71.0,2,9,1,-2,2,3,-1,0,2,2,2,0
72.0,2,9,1,-2,2,3,-1,0,2,2,2,0
73.0,2,9,1,-2,2,3,-1,0,2,2,2,0
74.0,2,9,1,-2,2,3,-1,0,2,2,2,0
75.0,2,9,1,-2,2,3,-1,0,2,2,2,0
76.0,2,9,1,-2,2,3,-1,-1,2,2,2,0
77.0,2,9,0,-2,2,3,-1,-1,2,2,2,0
78.0,2,9,0,-2,2,3,-1,-1,2,2,2,0
79.0,2,9,0,-2,2,3,-1,-1,2,1,2,0
80.0,2,9,0,-2,2,3,-1,-1,2,1,2,0
81.0,2,9,0,-2,2,3,-1,-1,2,1,1,0
82.0,2,9,0,-2,2,3,-1,-1,2,1,1,0
83.0,2,9,0,-2,2,3,-1,-1,2,1,1,0
84.0,2,9,0,-2,2,3,-1,-1,2,1,1,0
85.0,2,9,0,-1,2,3,-1,-1,2,1,1,0
86.0,2,9,0,-1,2,3,-1,-1,2,1,1,0
87.0,2,9,0,-1,2,3,-1,-1,1,1,1,0
88.0,2,9,0,-1,2,3,-1,-1,1,1,1,0
89.0,2,9,0,-1,2,3,-1,-1,1,1,1,0
90.0,2,9,0,-1,2,3,-1,-1,1,1,1,0
91.0,2,9,0,-1,2,3,-1,-1,1,1,1,0
92.0,2,9,0,-1,2,3,-1,-1,1,1,1,0
93.0,2,9,0,-1,2,3,-1,-1,1,1,1,0
94.0,2,9,0,-1,2,3,-1,-1,1,1,1,0
95.0,2,9,0,-2,2,3,-1,-1,1,1,1,0
96.0,2,9,0,-2,2,3,-1,-1,2,1,1,0
97.0,2,9,0,-2,2,3,-1,-1,2,1,1,0
98.0,2,9,0,-2,2,3,-1,-1,2,1,1,0
99.0,2,9,0,-2,2,3,-1,-1,2,1,1,0
100.0,2,9,0,-2,2,3,-1,-1,2,1,1,0
101.0,2,9,0,-2,2,3,-1,-1,2,1,1,0
102.0,2,9,0,-2,2,3,-1,-1,2,1,1,0
103.0,2,9,0,-2,2,3,-1,-1,2,1,1,0
104.0,2,9,0,-2,2,3,-1,-1,2,1,1,0
105.0,2,9,0,-2,2,3,-1,-1,2,1,1,0
106.0,2,9,0,-2,2,3,-1,-1,2,1,1,0
107.0,2,9,0,-2,2,3,-1,-1,1,1,1,0
108.0,2,9,1,-2,2,3,-1,-1,1,1,1,0
109.0,2,9,1,-2,2,3,-1,-1,1,1,1,0
110.0,2,9,1,-1,2,3,-1,-1,1,1,1,0
111.0,2,9,1,-1,2,3,-1,-1,1,1,1,0
112.0,2,9,1,-1,2,3,-1,-1,1,1,1,0
113.0,2,9,1,-1,2,3,-1,-1,1,1,1,0
114.0,2,9,1,-1,2,3,-1,-1,1,1,1,0
115.0,2,9,1,-1,2,3,-1,-1,1,1,1,0
116.0,2,9,1,-1,2,3,-1,-1,0,1,1,0
117.0,2,9,1,-1,2,3,-1,-1,0,1,1,0
118.0,2,9,1,-1,2,3,-1,-1,0,0,1,0
119.0,2,9,1,-1,2,3,-1,-1,0,0,1,0
120.0,2,9,0,-1,2,3,-1,-1,0,0,1,0
121.0,2,9,0,-1,2,3,-1,-1,0,0,1,0
122.0,2,9,0,-1,2,3,-1,-1,0,0,1,0
123.0,2,9,0,-1,2,3,-1,-2,0,0,1,0
124.0,2,9,0,-1,2,3,-1,-2,0,0,1,0
125.0,2,9,0,-1,2,3,-1,-2,0,0,1,0
126.0,2,8,0,-1,2,3,-1,-2,0,0,1,0
127.0,2,8,0,-1,2,3,-1,-2,-1,0,1,0
128.0,2,8,0,-1,2,3,-1,-2,-1,0,1,0
129.0,2,8,0,-1,2,2,-1,-2,-1,0,0,0
130.0,2,8,0,-1,2,2,-1,-2,-1,0,0,0
131.0,2,8,0,-1,2,2,-1,-2,-1,0,0,0
132.0,2,8,0,-1,2,2,-1,-2,-1,0,0,0
133.0,2,8,0,-1,2,2,-1,-2,-1,0,0,0
134.0,2,8,0,-1,2,2,-1,-2,-1,-1,0,0
135.0,2,8,0,-1,2,2,-1,-2,-1,-1,0,0
136.0,2,8,0,-1,2,2,-1,-2,-1,-1,0,0
137.0,2,8,0,-1,2,2,-1,-2,-1,-1,0,0
138.0,2,8,0,-1,2,2,-1,-2,-1,-1,0,0
139.0,2,8,0,-1,2,2,-1,-2,-1,-1,0,0
140.0,2,8,0,-1,2,2,-1,-2,-1,-1,0,0
141.0,2,8,0,-1,2,2,-1,-2,-1,-1,0,0
142.0,2,8,0,-1,2,2,-1,-2,-1,-1,0,0
143.0,2,8,0,-1,2,2,-1,-2,-1,-1,0,0
144.0,2,8,0,-1,2,2,-1,-2,-1,-1,0,0
145.0,2,8,0,-1,2,2,-1,-2,-1,-1,0,0
146.0,2,8,0,-1,2,2,-1,-2,-1,-1,0,0
147.0,2,8,0,-1,2,2,-1,-2,-1,-1,0,0
148.0,2,8,0,-1,2,2,-1,-2,-1,-1,0,0
149.0,2,8,0,-1,2,2,-1,-2,-1,-1,0,0
150.0,2,8,-1,-1,3,2,-1,-1,-3,-1,0,0
151.0,14,3,-5,-1,4,-1,-2,23,-8,-2,-1,-4
152.0,25,-3,-9,-2,10,-4,-3,47,-12,-3,-2,-7
153.0,25,6,-11,-3,11,-5,-3,49,-11,-4,-2,-6
154.0,20,7,-11,-2,11,-5,-3,40,-1,-3,-2,-1
155.0,15,7,-4,-2,10,-4,-2,29,-1,-3,-2,-1
156.0,10,7,-5,-2,9,-3,-1,15,-1,-3,-1,-2
157.0,5,7,-6,-2,7,-2,-1,4,1,-2,-1,-1
158.0,1,9,-4,-1,5,0,-1,-3,2,-2,-1,0
159.0,-1,10,-3,-1,5,0,-1,-9,3,-2,-1,0
160.0,-2,11,-2,-1,4,0,-1,-12,3,-2,-1,0
161.0,-3,11,-2,-1,3,1,-1,-14,3,-1,-1,1
162.0,-4,11,-1,-1,3,1,-1,-15,2,-1,0,1
163.0,-4,12,0,-1,2,2,-1,-16,2,-1,0,1
164.0,-4,12,1,-1,2,2,-1,-16,2,-1,0,1
165.0,-4,11,1,-1,1,3,-1,-15,1,-1,0,1
166.0,-4,11,2,0,1,3,-1,-14,1,-1,0,1
167.0,-3,11,2,0,1,3,-1,-13,0,-1,0,1
168.0,-3,11,2,0,0,4,-1,-12,0,-1,0,0
169.0,-2,11,3,0,0,4,-1,-11,0,-1,0,0
170.0,-2,10,3,0,0,4,-1,-10,-1,-1,0,0
171.0,-2,10,3,0,0,4,-1,-9,-1,-1,0,0
172.0,-1,10,3,0,0,4,-1,-9,-1,-1,0,0
173.0,-1,10,3,0,0,4,-1,-8,-2,-1,0,0
174.0,0,9,3,0,0,4,-1,-7,-2,-1,0,0
175.0,0,9,3,0,0,4,-1,-6,-2,-1,0,0
176.0,0,9,3,0,0,4,-1,-6,-2,-1,0,0
177.0,0,9,3,0,0,4,-1,-5,-2,-1,0,0
178.0,1,9,3,0,0,4,-1,-5,-2,-1,0,0
179.0,1,8,3,0,0,4,-1,-4,-2,-1,0,0
180.0,1,8,2,0,0,4,-1,-4,-3,-1,0,0
181.0,1,8,2,0,0,3,-1,-3,-3,-1,0,0
182.0,1,8,2,0,0,3,-1,-3,-3,-2,0,0
183.0,1,8,2,0,0,3,-1,-3,-3,-2,0,0
184.0,2,8,2,0,0,3,-1,-3,-3,-2,0,0
185.0,2,8,2,0,1,3,-1,-3,-3,-2,0,0
186.0,2,8,2,0,1,3,-1,-3,-3,-2,0,0
187.0,2,8,2,0,1,3,-1,-2,-4,-2,0,0
188.0,2,8,2,0,1,3,-1,-2,-4,-2,0,0
189.0,2,9,2,0,1,3,-1,-2,-4,-2,0,0
190.0,2,9,2,-1,1,3,-1,-2,-4,-2,0,0
191.0,2,9,1,-1,1,3,-1,-2,-4,-2,0,0
192.0,2,9,1,-1,1,3,-1,-2,-4,-2,0,0
193.0,2,9,1,-1,1,3,-1,-2,-4,-2,0,0
194.0,2,9,1,-1,1,3,-1,-2,-4,-2,0,0
195.0,3,10,1,-1,1,3,-1,-2,-4,-2,0,0
196.0,3,10,1,-1,2,3,-1,-2,-4,-2,0,0
197.0,3,10,1,-1,2,3,-2,-2,-4,-2,0,0
198.0,3,10,1,-1,2,3,-2,-2,-4,-2,0,0
199.0,3,11,1,-2,2,3,-2,-2,-4,-2,0,0
200.0,4,11,1,-2,2,3,-2,-2,-3,-2,0,0
201.0,4,11,1,-2,2,3,-2,-2,-3,-2,0,0
202.0,4,12,1,-2,2,3,-3,-2,-3,-2,0,1
203.0,5,12,1,-2,2,4,-3,-2,-3,-1,1,1
204.0,5,13,1,-3,2,4,-4,-2,-3,-1,1,2
205.0,6,13,1,-3,3,4,-4,-2,-3,-1,1,2
206.0,6,13,1,-3,3,4,-4,-2,-3,-1,1,2
207.0,6,14,1,-3,3,4,-5,-2,-2,0,2,3
208.0,7,15,1,-4,3,4,-5,-2,-3,0,2,3
209.0,7,15,1,-4,3,4,-6,-2,-3,0,2,4
210.0,8,16,1,-4,3,5,-6,-3,-3,1,2,4
211.0,9,16,1,-5,3,5,-7,-3,-4,1,3,5
212.0,10,17,1,-5,3,5,-8,-3,-5,1,3,5
213.0,10,17,1,-6,3,5,-9,-4,-5,2,4,6
214.0,11,18,1,-6,3,5,-10,-4,-5,2,4,6
215.0,11,18,1,-7,4,5,-11,-4,-5,2,4,7
216.0,13,19,1,-7,4,6,-12,-5,-6,2,5,8
217.0,13,20,1,-7,4,6,-12,-5,-6,3,5,8
218.0,14,20,0,-8,5,6,-14,-6,-6,3,6,9
219.0,15,21,0,-9,5,6,-15,-6,-7,3,7,10
220.0,17,22,0,-9,6,6,-16,-7,-8,4,7,12
221.0,17,22,0,-10,6,6,-17,-7,-8,4,8,12
222.0,18,23,0,-10,6,7,-18,-8,-9,5,9,13
223.0,19,24,0,-11,7,7,-19,-8,-9,5,9,15
224.0,21,25,-1,-12,7,7,-21,-9,-10,6,11,17
225.0,22,25,-1,-12,8,7,-22,-9,-10,6,11,18
226.0,23,26,-1,-13,8,7,-23,-10,-10,7,12,19
227.0,24,27,-2,-14,9,8,-24,-11,-11,8,14,21
228.0,26,28,-2,-15,10,8,-25,-11,-11,8,15,22
229.0,27,29,-2,-15,10,8,-26,-12,-11,9,15,24
230.0,28,29,-2,-16,11,8,-27,-12,-12,9,16,25
231.0,30,30,-2,-18,12,8,-29,-13,-12,10,18,28
232.0,31,31,-2,-18,13,8,-30,-14,-12,11,19,29
233.0,32,31,-3,-19,13,8,-30,-14,-12,11,20,30
234.0,33,32,-3,-20,14,9,-31,-15,-12,12,21,32
235.0,35,33,-3,-21,15,9,-32,-16,-11,13,22,33
236.0,35,33,-4,-22,15,9,-33,-16,-11,14,24,35
237.0,36,34,-4,-22,16,9,-33,-17,-11,14,24,35
238.0,36,34,-4,-23,16,9,-34,-17,-10,15,25,37
239.0,37,34,-5,-24,17,9,-35,-18,-8,16,27,38
240.0,37,35,-5,-24,17,9,-35,-18,-7,16,27,39
241.0,38,35,-5,-25,18,9,-35,-18,-6,17,28,40
242.0,38,35,-6,-25,18,9,-35,-18,-5,17,29,41
243.0,39,35,-6,-26,19,9,-35,-18,-3,19,31,42
244.0,39,35,-7,-27,20,9,-35,-17,-2,19,32,43
245.0,40,35,-7,-27,20,9,-35,-17,-1,20,32,43
246.0,40,35,-7,-27,21,9,-34,-17,1,20,33,44
247.0,40,34,-8,-28,21,9,-34,-17,3,21,34,45
248.0,41,34,-8,-28,22,9,-34,-17,3,22,34,45
249.0,41,34,-8,-28,22,9,-34,-16,4,22,35,45
250.0,41,34,-9,-29,22,9,-33,-16,5,23,35,46
251.0,41,34,-9,-29,23,9,-33,-16,4,24,36,46
252.0,42,34,-9,-30,23,9,-32,-16,3,24,36,46
253.0,42,34,-9,-30,24,9,-32,-16,3,24,36,46
254.0,42,34,-10,-30,24,9,-31,-16,0,24,37,46
255.0,41,34,-10,-30,24,8,-30,-16,-2,24,37,46
256.0,41,33,-10,-30,24,8,-30,-16,-4,24,36,46
257.0,41,33,-11,-30,25,8,-29,-16,-7,24,36,45
258.0,40,31,-11,-30,25,8,-27,-16,-10,23,36,44
259.0,40,30,-11,-30,25,7,-26,-16,-13,22,35,43
260.0,39,30,-12,-30,25,7,-25,-16,-16,22,35,43
261.0,39,28,-12,-30,26,7,-24,-17,-19,21,34,42
262.0,37,26,-13,-29,26,6,-22,-17,-23,18,33,39
263.0,36,24,-13,-29,26,5,-20,-17,-25,17,32,38
264.0,35,23,-13,-28,26,5,-19,-17,-29,16,31,36
265.0,34,22,-14,-28,26,5,-17,-18,-31,15,30,35
266.0,31,20,-14,-27,25,4,-15,-18,-33,13,29,32
267.0,29,18,-14,-26,25,3,-13,-18,-35,11,27,30
268.0,28,17,-14,-25,25,3,-12,-18,-35,10,26,29
269.0,27,16,-14,-24,24,2,-10,-19,-37,8,25,27
270.0,24,14,-14,-23,24,2,-7,-19,-38,5,22,24
271.0,22,13,-14,-22,23,2,-6,-19,-38,3,21,22
272.0,20,11,-14,-21,23,1,-4,-19,-38,2,20,19
273.0,18,10,-14,-20,22,1,-3,-19,-38,0,18,18
274.0,15,9,-13,-19,21,0,-1,-19,-36,-2,16,15
275.0,13,8,-13,-17,20,0,0,-19,-35,-4,14,12
276.0,12,8,-13,-17,19,0,1,-19,-35,-4,13,11
277.0,9,6,-12,-15,18,0,3,-19,-33,-6,11,8
278.0,7,6,-11,-14,17,0,4,-19,-31,-7,9,6
279.0,6,6,-11,-13,17,0,5,-19,-31,-8,8,5
280.0,5,6,-10,-12,16,0,6,-18,-29,-10,7,3
281.0,3,4,-10,-11,14,0,7,-18,-27,-11,5,1
282.0,2,4,-9,-9,13,0,8,-17,-26,-12,4,0
283.0,0,3,-8,-8,12,0,9,-17,-24,-13,2,-1
284.0,0,3,-8,-8,12,0,9,-17,-24,-14,1,-2
285.0,-2,2,-7,-6,10,-1,10,-16,-22,-15,0,-4
286.0,-3,1,-7,-5,9,-1,11,-15,-21,-16,-1,-5
287.0,-3,1,-7,-4,9,-1,11,-15,-21,-16,-1,-5
288.0,-4,0,-6,-3,8,-1,11,-14,-20,-16,-2,-6
289.0,-5,0,-6,-2,7,-1,11,-13,-18,-17,-4,-7
290.0,-6,-1,-5,-1,6,-1,11,-13,-17,-18,-4,-8
291.0,-6,-1,-5,-1,6,-1,11,-12,-17,-18,-5,-8
292.0,-6,-1,-5,0,5,-1,11,-12,-16,-18,-6,-8
293.0,-7,-1,-4,0,4,-2,10,-11,-14,-18,-6,-9
294.0,-7,-1,-4,1,4,-2,10,-10,-13,-18,-7,-9
295.0,-7,-1,-3,1,3,-2,10,-10,-13,-18,-7,-9
296.0,-7,-1,-3,1,3,-2,9,-9,-12,-18,-8,-10
297.0,-7,-1,-3,2,3,-2,9,-9,-11,-18,-8,-10
298.0,-7,-1,-3,3,3,-2,9,-8,-10,-18,-9,-10
299.0,-7,-1,-2,3,2,-2,8,-8,-10,-18,-9,-10
300.0,-7,-1,-2,3,2,-2,8,-7,-9,-18,-9,-10
301.0,-7,-1,-2,4,2,-2,8,-6,-8,-17,-10,-10
302.0,-7,0,-2,4,1,-2,8,-6,-7,-17,-10,-10
303.0,-7,0,-2,4,1,-2,8,-5,-7,-17,-10,-10
304.0,-7,0,-2,5,1,-2,7,-4,-6,-17,-10,-10
305.0,-7,0,-2,5,0,-2,7,-4,-5,-16,-10,-10
306.0,-7,0,-2,5,0,-2,7,-3,-5,-16,-10,-10
307.0,-7,0,-2,5,0,-2,7,-3,-5,-16,-10,-10
308.0,-7,0,-1,5,0,-2,7,-2,-5,-15,-10,-10
309.0,-7,0,-1,6,0,-2,7,-2,-5,-15,-10,-10
310.0,-6,0,-1,6,0,-2,7,-2,-4,-15,-10,-10
311.0,-6,0,-1,6,-1,-2,7,-2,-4,-14,-10,-10
312.0,-6,0,-1,6,-1,-2,7,-1,-3,-14,-10,-10
313.0,-6,0,-1,6,-1,-2,7,-1,-3,-14,-10,-9
314.0,-5,0,-1,6,-1,-2,7,0,-3,-13,-10,-9
315.0,-5,0,-1,6,-1,-2,7,0,-2,-13,-10,-9
316.0,-5,0,-1,6,-1,-2,7,0,-2,-12,-10,-9
317.0,-5,0,-1,6,-1,-2,7,1,-2,-12,-10,-9
318.0,-5,0,-1,6,-1,-2,6,1,-1,-12,-10,-9
319.0,-5,0,-1,6,-1,-2,6,1,-1,-12,-10,-9
320.0,-5,0,-1,6,-1,-2,6,1,-1,-11,-10,-9
321.0,-5,0,-1,6,-1,-2,6,1,-1,-11,-9,-9
322.0,-5,0,-1,6,-1,-2,6,2,-1,-11,-9,-9
323.0,-5,0,-1,7,-1,-2,6,2,-1,-11,-9,-9
324.0,-6,0,-1,7,-1,-2,6,2,-1,-10,-9,-9
325.0,-6,0,-1,7,-1,-2,6,2,-1,-10,-9,-9
326.0,-6,0,-1,7,-1,-2,6,2,-1,-10,-9,-9
327.0,-5,0,-1,7,-1,-2,6,2,0,-10,-9,-9
328.0,-5,0,-1,7,-1,-2,6,2,0,-9,-9,-9
329.0,-5,0,-1,7,-1,-2,6,2,0,-9,-9,-9
330.0,-5,0,-1,7,-1,-2,6,2,0,-9,-9,-9
331.0,-5,0,-1,7,-1,-2,6,3,0,-9,-9,-9
332.0,-5,0,-1,6,-1,-2,6,3,0,-9,-9,-9
333.0,-5,0,-1,6,-1,-2,6,3,0,-9,-9,-9
334.0,-5,1,-1,6,-1,-2,6,3,0,-9,-9,-9
335.0,-5,1,-1,6,-1,-2,6,3,0,-8,-9,-9
336.0,-5,1,-1,6,-1,-2,6,3,0,-8,-9,-9
337.0,-4,1,-1,6,-1,-2,7,3,1,-8,-8,-9
338.0,-4,1,-1,6,-1,-2,7,3,1,-8,-8,-9
339.0,-4,1,-1,6,-1,-2,7,3,1,-8,-8,-9
340.0,-4,1,-1,6,-1,-2,7,3,1,-8,-8,-9
341.0,-4,2,-1,6,-1,-2,7,3,1,-8,-8,-9
342.0,-4,2,-1,6,-1,-2,7,4,1,-7,-8,-9
343.0,-4,2,-1,6,-1,-2,7,4,1,-7,-8,-9
344.0,-4,2,-1,6,-1,-2,7,3,1,-7,-8,-9
345.0,-4,1,-1,6,-1,-2,7,3,1,-7,-8,-9
346.0,-4,1,-1,6,-1,-2,7,3,1,-7,-8,-9
347.0,-5,1,-1,6,-1,-2,7,3,0,-7,-8,-9
348.0,-5,1,-1,6,-1,-2,7,3,0,-7,-8,-9
349.0,-5,1,-1,6,-1,-2,7,3,0,-7,-8,-9
350.0,-5,0,-1,6,-1,-2,7,3,0,-7,-8,-9
351.0,-5,0,-1,6,-1,-2,7,3,0,-7,-8,-10
352.0,-5,0,-1,6,-1,-2,7,3,0,-7,-8,-10
353.0,-5,0,-1,6,-1,-2,7,3,0,-7,-8,-10
354.0,-5,-1,-1,6,-1,-2,7,3,0,-7,-8,-10
355.0,-5,-1,-1,6,-1,-2,7,3,0,-7,-8,-10
356.0,-6,-1,-1,6,-1,-2,7,3,0,-7,-8,-10
357.0,-6,-1,-1,7,-1,-2,7,3,0,-7,-8,-10
358.0,-6,-1,-1,7,-1,-2,7,3,0,-7,-8,-10
359.0,-6,-1,-1,7,-1,-2,7,3,0,-7,-8,-10
360.0,-6,-1,-1,7,-1,-2,7,2,0,-7,-8,-10
361.0,-6,-1,-1,7,-1,-2,7,2,0,-7,-8,-10
362.0,-6,-1,-1,7,-1,-2,7,3,0,-7,-8,-10
363.0,-7,-1,-1,7,-1,-2,7,3,0,-7,-8,-10
364.0,-7,-1,-1,7,-1,-2,7,3,0,-7,-8,-10
365.0,-7,-1,-1,7,-1,-2,7,3,0,-7,-8,-10
366.0,-7,-1,-1,7,-1,-2,7,3,0,-7,-8,-10
367.0,-7,-1,-1,7,-1,-2,7,3,0,-7,-8,-10
368.0,-7,-1,-1,7,-2,-2,7,3,0,-7,-8,-10
369.0,-7,-1,-1,7,-2,-2,7,3,0,-7,-8,-10
370.0,-7,-1,-1,7,-1,-2,8,3,0,-7,-8,-10
371.0,-6,-1,-1,7,-1,-2,8,3,0,-7,-8,-10
372.0,-6,-1,-1,7,-1,-2,8,3,0,-7,-8,-10
373.0,-6,-1,-1,7,-1,-3,8,3,0,-7,-8,-10
374.0,-6,-1,-1,7,-1,-3,8,3,0,-7,-8,-10
375.0,-6,-1,-1,7,-1,-3,8,3,0,-7,-8,-10
376.0,-6,-1,-1,7,-1,-3,8,3,0,-7,-8,-10
377.0,-6,-1,-1,7,-1,-3,7,3,0,-7,-8,-10
378.0,-6,-1,-1,7,-1,-3,7,3,0,-7,-8,-10
379.0,-6,-1,-1,7,-1,-3,7,3,0,-7,-8,-10
380.0,-6,-1,-1,7,-1,-3,7,3,0,-7,-8,-10
381.0,-6,-1,-1,7,-1,-3,7,3,0,-7,-8,-10
382.0,-6,-1,-1,7,-1,-3,7,3,0,-7,-9,-10
383.0,-6,-1,-1,7,-1,-3,7,3,0,-7,-9,-10
384.0,-6,-1,-1,7,-1,-3,7,3,0,-7,-9,-10
385.0,-6,-1,-1,7,-1,-3,8,3,0,-7,-9,-10
386.0,-6,-1,-1,7,-1,-3,8,3,0,-7,-9,-10
387.0,-6,-1,-1,7,-1,-2,8,3,0,-7,-9,-10
388.0,-6,-1,-1,7,-1,-2,8,3,0,-7,-9,-10
389.0,-6,-1,-1,7,-1,-2,8,3,0,-7,-8,-10
390.0,-6,0,-1,7,-1,-2,8,3,1,-7,-8,-10
391.0,-6,0,-1,7,-1,-2,8,4,1,-7,-8,-10
392.0,-6,0,-1,7,-1,-2,8,4,1,-7,-8,-10
393.0,-6,0,-1,7,-1,-2,8,4,1,-7,-8,-10
394.0,-6,0,-1,7,-1,-2,8,4,1,-7,-8,-10
395.0,-6,0,-1,7,-1,-2,8,4,1,-7,-8,-10
396.0,-6,0,-1,7,-1,-2,8,4,1,-7,-8,-10
397.0,-6,0,-1,7,-1,-2,8,4,1,-7,-8,-10
398.0,-6,0,-1,7,-1,-2,9,4,1,-7,-8,-9
399.0,-6,0,-1,7,-1,-2,9,4,1,-7,-8,-9
400.0,-6,0,-1,7,-1,-2,9,4,2,-7,-8,-9
401.0,-6,0,-1,7,-1,-2,9,4,2,-7,-8,-9
402.0,-6,0,-1,7,-1,-2,9,4,2,-7,-8,-9
403.0,-6,0,-1,7,-1,-2,9,5,2,-7,-8,-9
404.0,-6,0,-1,7,-1,-2,9,5,2,-7,-8,-9
405.0,-6,0,-1,7,-1,-2,9,5,2,-7,-8,-9
406.0,-6,0,-1,7,-2,-2,9,5,2,-7,-8,-9
407.0,-6,0,-1,7,-2,-2,9,5,2,-7,-8,-9
408.0,-6,0,-1,7,-2,-2,9,5,2,-7,-8,-10
409.0,-6,0,-1,7,-2,-2,9,5,2,-7,-8,-10
410.0,-6,0,-1,7,-2,-2,9,5,2,-7,-8,-10
411.0,-6,0,-1,7,-2,-2,9,5,1,-7,-8,-10
412.0,-6,0,-1,7,-2,-2,9,5,1,-7,-8,-10
413.0,-6,0,-1,7,-2,-2,9,5,1,-7,-8,-10
414.0,-6,0,-1,7,-2,-2,9,5,1,-7,-8,-10
415.0,-6,0,-1,7,-2,-2,9,5,1,-7,-8,-10
416.0,-6,0,-1,7,-2,-2,9,5,1,-7,-8,-10
417.0,-6,0,-1,7,-2,-2,9,5,1,-7,-8,-10
418.0,-6,-1,-1,7,-2,-2,9,5,1,-7,-8,-10
419.0,-6,-1,-1,7,-2,-2,9,5,1,-7,-8,-10
420.0,-6,-1,-1,7,-2,-2,9,5,1,-7,-8,-10
421.0,-6,-1,-1,7,-2,-2,9,5,1,-7,-8,-10
422.0,-6,-1,-1,7,-2,-2,9,5,1,-8,-8,-10
423.0,-6,-1,-1,7,-2,-2,9,5,1,-8,-8,-10
424.0,-6,-1,-1,7,-2,-2,9,5,1,-8,-8,-10
425.0,-6,-1,-1,7,-2,-2,9,5,0,-8,-8,-10
426.0,-6,-1,-1,7,-2,-2,9,5,0,-8,-9,-10
427.0,-6,-1,-1,7,-2,-2,9,5,0,-8,-9,-10
428.0,-6,-1,-1,7,-2,-2,9,5,0,-8,-9,-10
429.0,-6,-1,-1,7,-2,-2,9,5,0,-8,-9,-10
430.0,-7,-1,-1,7,-2,-2,9,5,-1,-8,-9,-10
431.0,-7,-1,-1,7,-2,-2,9,5,-1,-8,-9,-10
432.0,-7,-2,-1,7,-2,-2,9,5,-1,-8,-9,-10
433.0,-7,-2,-1,7,-2,-2,9,4,-2,-9,-9,-10
434.0,-7,-2,-1,8,-2,-3,9,4,-2,-9,-9,-10
435.0,-7,-2,-1,8,-2,-3,9,4,-2,-9,-9,-10
436.0,-7,-2,-1,8,-2,-3,8,4,-3,-9,-9,-11
437.0,-7,-2,-1,8,-2,-3,8,4,-3,-9,-9,-11
438.0,-7,-2,-1,8,-1,-3,8,3,-3,-9,-9,-11
439.0,-7,-3,-1,8,-1,-3,8,3,-4,-10,-9,-11
440.0,-7,-3,-2,8,-1,-3,8,3,-4,-10,-10,-11
441.0,-7,-3,-2,8,-1,-3,8,3,-4,-10,-10,-11
442.0,-7,-3,-2,8,-1,-3,8,3,-5,-10,-10,-11
443.0,-7,-3,-2,8,-1,-3,7,3,-5,-10,-10,-11
444.0,-7,-4,-2,8,-1,-3,7,2,-5,-11,-10,-11
445.0,-7,-4,-2,8,-1,-4,7,2,-5,-11,-10,-11
446.0,-7,-4,-2,9,-1,-4,7,2,-5,-11,-10,-12
447.0,-7,-4,-2,9,-1,-4,7,2,-6,-11,-10,-12
448.0,-7,-4,-2,9,-1,-4,7,2,-6,-12,-11,-12
449.0,-7,-4,-2,9,-1,-4,7,2,-6,-12,-11,-12
450.0,-7,-5,-2,9,-1,-4,7,2,-7,-12,-11,-12
451.0,-7,-5,-2,9,-1,-4,7,2,-7,-12,-11,-12
452.0,-7,-5,-2,9,-1,-4,7,1,-7,-13,-11,-12
453.0,-7,-5,-2,9,-1,-5,7,1,-8,-13,-11,-12
454.0,-7,-5,-2,9,-1,-5,7,1,-8,-13,-11,-12
455.0,-7,-5,-2,9,-1,-5,7,1,-8,-13,-12,-12
456.0,-7,-5,-2,9,-1,-5,7,1,-8,-14,-12,-12
457.0,-7,-5,-2,9,-1,-5,7,1,-9,-14,-12,-12
458.0,-7,-5,-3,9,-1,-5,7,1,-9,-14,-12,-12
459.0,-7,-5,-3,9,-1,-5,7,1,-9,-14,-12,-12
460.0,-7,-5,-3,9,0,-5,7,0,-9,-14,-12,-12
461.0,-7,-5,-3,9,0,-5,7,0,-10,-15,-12,-12
462.0,-7,-6,-3,9,0,-6,7,0,-10,-15,-12,-12
463.0,-7,-6,-3,10,0,-6,7,0,-10,-15,-12,-11
464.0,-7,-6,-3,10,0,-6,7,0,-11,-15,-12,-11
465.0,-7,-6,-3,10,0,-6,7,0,-11,-15,-12,-11
466.0,-7,-6,-3,10,0,-6,7,0,-11,-16,-12,-11
467.0,-7,-6,-3,10,0,-6,7,0,-11,-16,-13,-11
468.0,-7,-6,-4,10,0,-6,7,0,-12,-16,-13,-11
469.0,-7,-6,-4,10,0,-6,7,0,-12,-16,-13,-11
470.0,-7,-6,-4,10,0,-6,6,0,-12,-16,-13,-11
471.0,-7,-6,-4,10,0,-6,6,-1,-12,-16,-13,-11
472.0,-7,-6,-4,10,0,-7,6,-1,-13,-17,-13,-11
473.0,-7,-6,-4,10,0,-7,6,-1,-13,-17,-13,-11
474.0,-6,-6,-4,10,0,-7,6,-1,-13,-17,-13,-10
475.0,-6,-6,-4,10,0,-7,5,-1,-13,-17,-13,-10
476.0,-6,-6,-4,10,1,-7,5,-1,-13,-17,-13,-10
477.0,-6,-6,-5,10,1,-7,5,-1,-13,-17,-13,-10
478.0,-6,-6,-5,10,1,-7,5,-1,-13,-17,-13,-10
479.0,-5,-6,-5,10,1,-7,5,-1,-13,-17,-13,-9
480.0,-5,-6,-5,10,1,-7,4,-1,-13,-17,-12,-9
481.0,-5,-5,-5,9,1,-7,4,-2,-13,-17,-12,-9
482.0,-5,-5,-5,9,1,-7,4,-2,-13,-17,-12,-9
483.0,-4,-5,-5,9,1,-7,4,-2,-12,-17,-12,-8
484.0,-4,-4,-5,9,1,-7,4,-2,-12,-17,-12,-8
485.0,-4,-4,-5,9,1,-7,4,-2,-12,-17,-12,-8
486.0,-4,-4,-5,9,2,-7,3,-2,-12,-17,-12,-8
487.0,-4,-4,-5,9,2,-7,3,-2,-12,-17,-11,-7
488.0,-3,-4,-5,9,2,-7,3,-2,-12,-17,-11,-7
489.0,-3,-3,-5,8,2,-7,3,-2,-12,-16,-11,-7
490.0,-3,-3,-5,8,2,-7,3,-2,-11,-16,-11,-7
491.0,-3,-3,-5,8,2,-7,3,-2,-11,-16,-11,-6
492.0,-3,-3,-5,8,2,-7,3,-2,-11,-16,-10,-6
493.0,-2,-3,-5,8,2,-7,2,-2,-11,-16,-10,-6
494.0,-2,-2,-5,8,2,-6,2,-2,-11,-15,-10,-5
495.0,-2,-2,-5,7,2,-6,2,-1,-11,-15,-10,-5
496.0,-2,-2,-5,7,3,-6,2,-1,-10,-15,-9,-5
497.0,-2,-2,-5,7,3,-6,2,-1,-10,-15,-9,-5
498.0,-2,-2,-5,7,3,-6,2,-1,-10,-14,-9,-4
499.0,-2,-1,-5,7,3,-6,1,-1,-9,-14,-9,-4
500.0,-1,-1,-5,7,3,-6,1,-1,-9,-14,-8,-4
501.0,-1,-1,-5,7,3,-6,1,-1,-9,-14,-8,-4
502.0,-1,-1,-5,6,3,-6,1,-1,-8,-13,-8,-3
503.0,-1,0,-5,6,3,-6,1,-1,-8,-13,-7,-3
504.0,-1,0,-5,6,3,-5,1,-1,-8,-12,-7,-3
505.0,-1,0,-5,6,3,-5,1,-1,-8,-12,-7,-3
506.0,-1,0,-5,6,3,-5,1,-1,-7,-12,-7,-3
507.0,0,1,-5,5,3,-5,1,-1,-7,-12,-6,-2
508.0,0,1,-5,5,3,-5,1,0,-6,-11,-6,-2
509.0,0,1,-5,5,3,-5,1,0,-6,-11,-6,-2
510.0,0,1,-5,5,3,-5,1,0,-6,-10,-5,-2
511.0,1,2,-5,5,3,-5,1,0,-5,-10,-5,-2
512.0,1,2,-5,4,3,-4,1,0,-5,-9,-5,-1
513.0,1,2,-5,4,3,-4,1,0,-5,-9,-5,-1
514.0,1,3,-5,4,3,-4,1,1,-5,-9,-4,-1
515.0,1,3,-5,4,3,-4,1,1,-5,-8,-4,-1
516.0,1,3,-5,4,3,-4,1,1,-4,-8,-4,-1
517.0,1,3,-4,3,3,-4,1,1,-4,-8,-3,-1
518.0,1,3,-4,3,3,-4,1,1,-3,-7,-3,-1
519.0,1,3,-4,3,3,-3,1,1,-3,-7,-3,0
520.0,1,4,-4,3,3,-3,0,1,-3,-6,-3,0
521.0,1,4,-4,3,3,-3,0,1,-2,-6,-3,0
522.0,1,4,-4,3,3,-3,0,1,-2,-6,-2,0
523.0,1,4,-4,3,3,-3,0,1,-2,-5,-2,0
524.0,1,4,-4,3,3,-3,0,1,-1,-5,-2,0
525.0,1,4,-4,2,3,-3,0,1,-1,-5,-2,0
526.0,1,4,-4,2,3,-2,0,1,-1,-4,-1,0
527.0,1,4,-3,2,3,-2,0,1,0,-4,-1,0
528.0,1,4,-3,2,3,-2,0,2,0,-4,-1,0
529.0,1,4,-3,2,3,-2,0,2,0,-4,-1,0
530.0,1,4,-3,2,3,-2,0,2,0,-4,-1,0
531.0,1,5,-3,2,3,-2,0,2,1,-4,-1,0
532.0,1,5,-3,2,3,-2,0,2,1,-4,-1,0
533.0,1,5,-3,2,3,-2,0,2,1,-3,-1,0
534.0,1,5,-3,2,3,-1,0,2,1,-3,-1,0
535.0,1,5,-2,2,3,-1,0,2,2,-3,-1,0
536.0,1,5,-2,2,3,-1,0,2,2,-3,-1,0
537.0,1,5,-2,1,3,-1,0,2,2,-3,-1,0
538.0,1,6,-2,1,3,-1,0,2,2,-2,-1,0
539.0,1,6,-2,1,3,-1,0,2,2,-2,-1,0
540.0,1,6,-2,1,3,-1,0,2,2,-2,-1,0
541.0,1,6,-2,1,3,0,0,2,3,-2,-1,0
542.0,1,6,-2,1,3,0,0,2,3,-2,0,0
543.0,1,6,-2,1,3,0,0,1,3,-1,0,0
544.0,1,6,-2,1,3,0,0,1,3,-1,0,0
545.0,1,6,-2,1,3,0,0,1,3,-1,0,0
546.0,1,6,-2,1,2,0,0,1,3,-1,0,0
547.0,1,6,-2,1,2,0,0,1,3,-1,0,0
548.0,1,6,-2,1,2,0,0,1,3,-1,0,0
549.0,0,6,-2,1,2,0,0,1,3,-1,0,0
550.0,0,6,-1,1,2,0,0,1,3,0,0,0
551.0,0,6,-1,1,2,0,0,1,3,0,0,0
552.0,0,6,-1,1,2,0,0,1,3,0,0,0
553.0,0,6,-1,1,2,0,0,1,3,0,0,0
554.0,0,6,-1,0,2,0,0,1,3,0,0,-1
555.0,0,6,-1,0,2,0,0,1,3,0,0,-1
556.0,0,6,-1,0,2,0,0,1,3,0,0,-1
557.0,0,7,-1,0,2,0,0,1,3,0,0,-1
558.0,0,7,0,0,2,1,0,0,3,0,0,-1
559.0,0,7,0,0,2,1,0,0,3,0,0,-1
560.0,0,7,0,0,1,1,0,0,3,0,0,-1
561.0,0,7,0,0,1,1,0,0,3,0,0,-1
562.0,0,7,0,0,1,1,0,0,3,0,0,-1
563.0,0,7,0,0,1,1,0,0,4,0,0,-1
564.0,0,7,0,0,1,1,0,0,4,1,0,-1
565.0,0,7,0,0,1,1,0,0,4,1,0,-1
566.0,0,7,1,0,1,2,0,0,4,1,0,0
567.0,0,7,1,0,1,2,0,0,4,1,0,0
568.0,0,7,1,0,1,2,0,0,4,1,0,0
569.0,0,7,1,0,1,2,0,0,4,1,0,0
570.0,0,8,1,0,1,2,0,0,3,1,0,0
571.0,0,8,1,0,1,2,0,0,3,1,0,0
572.0,0,8,1,0,1,2,0,0,3,1,0,0
573.0,0,8,1,0,1,2,0,0,3,1,0,0
574.0,0,8,1,0,0,2,-1,0,3,1,0,0
575.0,0,8,1,0,0,2,-1,0,3,1,0,0
576.0,0,8,1,0,0,2,-1,0,3,1,0,0
577.0,-1,8,2,0,0,2,-1,0,3,1,0,0
578.0,-1,8,2,0,0,3,-1,0,3,1,0,0
579.0,-1,8,2,0,0,3,-1,0,3,1,0,0
580.0,-1,8,2,0,0,3,-1,0,3,1,0,0
581.0,-1,8,2,0,0,3,0,0,3,1,0,0
582.0,-1,8,2,0,0,3,0,-1,3,1,0,0
583.0,-1,8,2,0,0,3,0,-1,3,1,0,-1
584.0,-1,8,2,0,0,3,0,-1,3,1,0,-1
585.0,-1,8,2,0,0,3,0,-1,3,1,0,-1
586.0,-1,8,2,0,-1,3,0,-1,2,1,0,-1
587.0,-1,8,3,0,-1,3,0,-1,2,1,0,-1
588.0,-1,8,3,0,-1,3,0,-1,2,1,0,-1
589.0,-1,8,3,0,-1,3,-1,-1,2,1,0,-1
590.0,-1,8,3,0,-1,3,-1,-1,2,1,0,-1
591.0,-1,8,3,0,-1,3,-1,-1,2,1,0,-1
592.0,-1,8,3,0,-1,3,-1,-1,2,1,0,-1
593.0,-1,8,3,0,-1,3,-1,-1,2,1,0,-1
594.0,-1,8,3,0,-1,3,-1,-1,2,1,0,-1
595.0,-1,8,3,0,-1,3,-1,-1,2,1,0,-1
596.0,-1,8,3,0,-1,3,-1,-1,3,1,0,-1
597.0,-1,8,3,0,-1,3,-1,-1,3,1,0,-1
598.0,-1,8,3,0,-1,3,-1,-1,3,1,0,-1
599.0,-1,8,3,0,-1,3,-1,-1,3,1,0,-1
600.0,-1,8,3,0,-1,3,-1,-1,3,1,0,-1
601.0,-1,8,3,0,-1,4,-1,-1,3,1,0,-1
602.0,-1,8,3,0,-1,4,-1,-1,3,1,0,-1
603.0,-1,8,3,0,-1,4,-1,-1,3,1,0,-1
604.0,-1,8,3,0,-1,4,-1,-1,3,1,0,-1
605.0,-1,8,3,0,-1,4,-1,-1,3,1,0,-1
606.0,-1,8,3,0,-1,4,-1,-1,3,1,0,0
607.0,-1,8,3,0,-1,4,-1,-1,3,1,0,0
608.0,-1,8,3,0,-1,4,-1,-1,3,1,0,0
609.0,-1,8,3,0,-1,4,-1,-1,3,1,0,0
610.0,-1,8,3,0,-1,4,0,-1,3,1,0,0
611.0,0,8,3,0,-1,4,0,-1,3,1,0,0
612.0,0,8,3,0,-1,4,0,-1,3,1,0,0
613.0,0,8,3,0,-1,4,0,-1,3,1,0,0
614.0,0,9,3,0,-1,4,0,-1,3,1,0,0
615.0,0,9,3,0,-1,4,0,-1,3,1,0,0
616.0,0,9,3,0,-1,4,0,-1,3,1,0,0
617.0,0,9,3,0,-1,4,0,-1,3,1,0,0
618.0,0,9,3,0,-1,4,0,-1,3,1,0,0
619.0,0,9,3,0,-1,4,0,-1,3,1,0,0
620.0,0,9,3,0,-1,4,0,-1,3,1,0,0
621.0,0,9,3,0,-1,4,0,-1,3,1,0,0
622.0,0,9,3,0,-1,4,0,-1,3,1,0,0
623.0,0,9,3,0,-1,4,0,-1,2,1,0,0
624.0,0,9,3,0,-1,4,0,-1,2,1,0,0
625.0,0,9,3,0,-1,4,0,-1,2,1,0,0
626.0,0,9,3,0,-1,4,0,-1,2,1,0,0
627.0,0,9,3,0,-1,4,0,-1,2,1,0,0
628.0,0,9,4,0,-1,4,0,-1,2,1,0,0
629.0,0,9,4,0,-1,4,0,-1,2,1,0,0
630.0,0,9,4,0,-1,4,0,-1,2,1,0,0
631.0,0,9,4,0,-1,4,0,-1,2,1,0,0
632.0,-1,9,4,0,-1,4,0,-1,2,1,0,0
633.0,-1,9,4,0,-1,4,0,-1,2,1,0,0
634.0,-1,9,4,0,-1,4,0,-1,2,1,0,0
635.0,-1,9,4,0,-1,4,0,-1,2,1,0,0
636.0,-1,9,4,0,-1,4,0,-1,2,1,0,0
637.0,-1,9,4,0,-1,4,0,-1,2,1,0,0
638.0,-1,8,4,0,-1,4,0,-1,2,1,0,0
639.0,-1,8,4,0,-1,4,0,-1,2,1,0,0
640.0,-1,8,4,0,-1,4,0,-1,2,0,0,0
641.0,-1,8,4,0,-1,4,0,-1,2,0,0,0
642.0,-1,8,4,0,-1,4,0,-1,2,0,0,0
643.0,-1,8,4,0,-1,4,0,-1,2,0,0,0
644.0,-1,8,4,0,-1,4,0,-1,2,0,0,0
645.0,-1,8,4,0,-1,4,0,-1,2,0,0,0
646.0,-2,8,4,0,-1,4,0,-1,2,0,0,0
647.0,-2,8,4,0,-1,4,-1,-1,2,0,0,0
648.0,-2,8,4,0,-1,4,-1,-1,2,0,0,0
649.0,-2,8,4,0,-1,4,-1,-1,2,0,0,0
650.0,-2,8,4,0,-2,4,-1,-1,2,0,0,0
651.0,-2,8,4,0,-2,4,-1,-1,2,0,0,0
652.0,-2,8,4,0,-2,4,-1,-1,2,0,0,0
653.0,-2,8,4,0,-2,4,-1,-1,2,0,0,0
654.0,-2,8,4,0,-2,4,-1,-1,2,0,0,0
655.0,-2,8,4,0,-2,4,-1,-1,2,0,0,0
656.0,-2,8,4,0,-2,4,-1,-1,2,0,0,0
657.0,-2,8,4,0,-2,4,-1,-1,2,0,0,0
658.0,-2,8,4,0,-2,4,-1,-1,2,0,0,0
659.0,-2,8,4,0,-2,4,-1,-1,2,0,0,0
660.0,-2,8,4,0,-2,4,-1,-1,2,0,0,0
661.0,-2,8,4,0,-2,4,-1,-1,2,0,0,0
662.0,-3,8,4,0,-2,4,-1,-1,2,0,0,0
663.0,-3,8,4,0,-2,4,-1,-1,2,0,0,0
664.0,-3,8,4,0,-2,4,-1,-1,2,0,0,0
665.0,-2,8,4,0,-2,4,-1,-1,2,0,0,0
666.0,-2,8,4,0,-2,4,-1,-1,2,0,0,0
667.0,-2,8,4,0,-2,4,-1,-1,2,0,0,0
668.0,-2,8,4,0,-2,4,-1,-1,2,0,0,0
669.0,-2,8,4,0,-2,4,-1,-1,2,0,0,0
670.0,-2,8,4,0,-2,4,-1,-1,2,0,0,0
671.0,-1,8,4,0,-2,4,-1,-1,2,0,0,0
672.0,-1,8,4,0,-2,4,-1,-1,2,0,0,0
673.0,-1,8,4,0,-2,4,-1,-1,2,0,0,0
674.0,-1,8,4,0,-2,4,-1,-1,2,0,0,0
675.0,-1,9,4,0,-2,4,-1,-1,2,0,0,0
676.0,-1,9,4,0,-2,4,-1,-1,2,0,0,0
677.0,-1,9,4,0,-2,4,-1,-1,2,0,0,0
678.0,-1,9,4,0,-2,4,-1,-1,2,0,0,0
679.0,-1,9,4,0,-2,4,-1,-1,2,0,0,0
680.0,-1,9,4,0,-2,4,-1,-1,2,0,0,0
681.0,-1,8,4,0,-2,4,-1,-1,2,0,0,0
682.0,-1,8,4,0,-2,4,-1,-1,2,0,0,0
683.0,-1,8,4,0,-2,4,-1,-1,2,0,0,0
684.0,-1,8,4,0,-2,4,-1,-1,1,0,0,0
685.0,-2,8,4,0,-2,4,0,-1,1,0,0,0
686.0,-2,8,4,0,-2,4,0,-1,1,0,0,0
687.0,-2,8,4,0,-2,4,0,-1,1,0,0,0
688.0,-2,8,4,0,-2,4,0,-1,1,0,0,0
689.0,-2,8,4,0,-2,4,0,-1,1,0,0,0
690.0,-2,8,4,0,-2,4,0,-1,1,0,0,0
691.0,-2,8,4,0,-2,4,0,-1,1,0,0,0
692.0,-2,8,4,0,-2,4,0,-1,1,0,0,0
693.0,-2,8,4,0,-2,4,0,-1,1,0,0,0
694.0,-2,8,4,0,-2,4,0,2,1,0,0,0
695.0,-1,6,2,0,-1,3,0,17,-2,0,0,-2
696.0,11,0,-3,0,3,1,-1,39,-8,-1,-1,-5
697.0,21,-2,-6,-1,6,-1,-2,51,-10,-3,-2,-7
698.0,20,4,-6,-1,7,-2,-2,47,-7,-3,-2,-6
699.0,4,6,-5,-1,6,-2,-1,12,0,-3,-2,-2
700.0,2,6,-2,0,3,-1,-1,7,1,-2,-1,-1
701.0,4,6,-2,0,3,0,-1,16,3,-2,-1,-1
702.0,0,8,-2,0,3,0,0,3,4,-1,-1,0
703.0,-4,9,0,0,2,1,0,-6,5,-1,-1,0
704.0,-6,10,1,0,1,2,1,-10,5,-1,0,0
705.0,-7,11,2,0,0,3,1,-12,5,-1,0,1
706.0,-8,11,3,0,-1,4,1,-14,5,0,0,1
707.0,-8,12,4,0,-2,4,1,-14,5,0,0,1
708.0,-8,12,5,0,-2,5,1,-15,4,0,0,1
709.0,-8,12,5,0,-3,5,1,-14,4,0,1,1
710.0,-8,11,6,0,-3,5,1,-12,4,0,1,1
711.0,-8,11,6,0,-3,5,1,-13,3,0,1,1
712.0,-7,11,6,0,-4,6,1,-12,3,0,1,1
713.0,-6,11,7,0,-4,6,1,-11,3,0,1,1
714.0,-6,11,7,0,-4,6,1,-10,2,0,1,1
715.0,-5,11,7,0,-4,6,1,-8,2,0,1,0
716.0,-5,11,7,0,-4,6,1,-8,2,0,1,0
717.0,-4,11,7,0,-4,6,1,-7,2,0,1,0
718.0,-4,10,7,0,-4,6,1,-6,2,0,1,0
719.0,-3,10,7,0,-4,6,1,-5,2,0,1,0
720.0,-3,10,7,0,-4,6,1,-4,1,0,1,0
721.0,-2,10,7,0,-4,6,1,-4,1,0,1,0
722.0,-2,10,7,0,-4,6,1,-3,1,0,1,0
723.0,-2,10,7,0,-4,6,1,-3,1,0,1,0
724.0,-2,10,7,0,-4,6,0,-3,1,0,1,0
725.0,-2,10,7,0,-3,6,0,-2,0,0,1,0
726.0,-2,10,6,0,-3,6,0,-2,0,0,1,0
727.0,-1,10,6,0,-3,6,0,-2,0,0,1,0
728.0,-1,10,6,0,-3,6,0,-2,0,0,1,0
729.0,-1,10,6,0,-3,6,0,-2,0,0,1,0
730.0,-1,10,6,0,-3,6,0,-2,0,0,1,0
731.0,-1,10,6,0,-3,6,0,-2,-1,-1,1,0
732.0,-1,10,6,0,-3,6,0,-2,-1,-1,1,0
733.0,-1,10,6,0,-3,6,0,-2,-1,-1,1,0
734.0,-1,10,6,0,-3,6,-1,-2,-1,-1,1,0
735.0,-1,10,6,0,-3,6,-1,-2,-1,-1,0,0
736.0,-1,10,6,0,-3,6,-1,-2,-1,-1,0,0
737.0,-1,10,6,0,-3,6,-1,-2,-2,-1,0,0
738.0,-1,10,6,0,-3,6,-1,-2,-2,-1,0,0
739.0,-1,10,6,0,-3,6,-1,-2,-2,-1,0,0
740.0,-1,10,6,0,-3,6,-1,-2,-2,-1,0,0
741.0,-1,10,6,0,-3,6,-1,-2,-2,-1,0,0
742.0,-1,10,6,0,-3,6,-1,-2,-2,-1,0,0
743.0,-1,10,6,0,-3,6,-1,-2,-2,-1,0,0
744.0,-1,11,6,0,-2,6,-1,-2,-2,-1,1,0
745.0,0,11,6,0,-2,6,-2,-2,-2,-1,1,0
746.0,0,11,6,0,-2,6,-2,-2,-2,-1,1,0
747.0,0,12,6,0,-2,6,-2,-2,-2,-1,1,0
748.0,1,12,6,0,-2,6,-3,-2,-2,-1,1,0
749.0,1,13,6,-1,-2,6,-3,-2,-1,-1,1,1
750.0,2,13,6,-1,-2,6,-4,-2,-1,0,1,1
751.0,2,14,6,-1,-2,6,-4,-2,-1,0,2,2
752.0,2,14,6,-1,-2,7,-5,-2,-1,0,2,2
753.0,2,15,6,-2,-1,7,-5,-2,-1,0,2,3
754.0,3,15,6,-2,-1,7,-6,-2,-1,1,3,3
755.0,3,16,6,-2,-1,7,-6,-2,-1,1,3,4
756.0,4,17,6,-3,-1,7,-7,-2,-2,1,3,4
757.0,4,17,6,-3,-1,8,-8,-2,-2,2,4,5
758.0,5,18,6,-4,-1,8,-9,-2,-3,2,4,6
759.0,6,18,6,-4,0,8,-10,-3,-3,2,5,6
760.0,6,19,6,-5,0,8,-10,-3,-4,3,5,7
761.0,7,20,6,-5,0,8,-11,-3,-4,3,6,8
762.0,8,20,6,-5,0,9,-12,-4,-5,4,6,9
763.0,9,21,5,-6,1,9,-13,-4,-5,4,7,10
764.0,10,21,5,-7,1,9,-14,-4,-5,4,7,10
765.0,11,22,5,-7,2,9,-15,-5,-6,5,8,11
766.0,12,22,5,-8,2,9,-16,-5,-7,5,9,13
767.0,14,23,4,-8,3,9,-17,-6,-7,6,9,14
768.0,15,23,4,-9,3,9,-18,-6,-8,6,10,15
769.0,16,24,4,-10,3,9,-19,-7,-9,7,11,17
770.0,18,24,3,-10,4,9,-20,-7,-9,7,12,18
771.0,19,25,3,-11,4,9,-21,-8,-10,8,13,20
772.0,21,25,2,-12,5,9,-23,-8,-10,9,14,22
773.0,22,26,2,-12,6,9,-24,-9,-10,9,15,23
774.0,23,26,1,-13,7,9,-25,-9,-11,10,16,25
775.0,25,27,0,-14,7,9,-26,-10,-11,11,18,26
776.0,26,27,0,-15,8,9,-27,-10,-11,11,19,28
777.0,28,28,-1,-16,9,9,-28,-11,-11,12,20,30
778.0,29,28,-1,-16,10,9,-29,-11,-11,13,21,31
779.0,30,29,-2,-17,11,9,-30,-12,-11,13,22,33
780.0,31,29,-2,-18,12,9,-31,-12,-10,14,23,34
781.0,32,30,-2,-19,12,9,-32,-13,-10,15,24,36
782.0,33,30,-3,-19,13,9,-32,-13,-9,15,25,37
783.0,34,31,-3,-20,14,9,-33,-13,-8,16,27,38
784.0,35,31,-4,-21,15,9,-34,-14,-7,17,28,39
785.0,36,31,-4,-21,16,8,-34,-14,-6,17,29,40
786.0,36,31,-5,-22,16,8,-34,-14,-5,18,30,41
787.0,37,31,-5,-23,17,8,-34,-13,-4,19,30,42
788.0,38,31,-6,-23,18,8,-34,-13,-3,19,31,43
789.0,38,31,-7,-24,18,8,-34,-13,-2,20,32,43
790.0,39,31,-7,-24,19,8,-34,-13,-1,20,33,44
791.0,39,31,-8,-25,20,7,-34,-12,0,20,33,44
792.0,39,30,-8,-25,21,7,-34,-12,1,21,34,45
793.0,40,30,-9,-26,21,7,-34,-11,2,21,34,45
794.0,40,30,-10,-26,22,7,-33,-11,3,21,34,45
795.0,41,30,-10,-26,22,7,-33,-11,4,22,34,45
796.0,41,30,-11,-27,23,6,-33,-11,4,22,35,45
797.0,41,30,-11,-27,23,6,-32,-11,4,22,35,45
798.0,41,30,-12,-27,24,6,-32,-10,3,22,35,45
799.0,41,29,-12,-28,24,6,-31,-10,2,21,35,45
800.0,41,29,-12,-28,25,5,-30,-10,0,21,34,44
801.0,41,28,-13,-28,25,5,-29,-10,-2,21,34,44
802.0,41,27,-13,-28,26,5,-28,-10,-5,20,33,43
803.0,40,26,-14,-28,26,4,-27,-10,-7,19,33,42
804.0,39,25,-15,-27,26,4,-25,-10,-9,18,32,40
805.0,39,24,-15,-27,27,3,-24,-10,-12,17,31,40
806.0,38,22,-16,-27,27,3,-23,-11,-15,16,31,39
807.0,37,21,-16,-27,27,2,-21,-11,-17,15,30,37
808.0,35,19,-17,-26,27,2,-20,-11,-21,13,28,35
809.0,34,18,-17,-26,27,1,-18,-12,-23,12,27,34
810.0,32,16,-17,-25,27,1,-16,-12,-25,10,26,32
811.0,31,15,-17,-24,27,0,-14,-13,-27,9,24,30
812.0,28,14,-17,-23,26,0,-12,-14,-29,7,23,27
813.0,26,13,-17,-22,26,0,-10,-14,-31,6,22,26
814.0,24,12,-17,-22,25,0,-9,-15,-32,4,20,24
815.0,22,10,-17,-21,25,-1,-7,-15,-33,2,19,22
816.0,19,9,-17,-19,24,-1,-5,-16,-33,0,17,18
817.0,16,8,-16,-18,23,-1,-3,-17,-33,-1,15,17
818.0,13,7,-16,-17,22,-1,-1,-17,-33,-3,14,13
819.0,11,6,-15,-16,21,-2,0,-17,-32,-4,12,11
820.0,9,6,-15,-15,20,-2,1,-17,-32,-5,11,10
821.0,7,5,-14,-13,19,-2,3,-17,-31,-6,9,8
822.0,5,4,-13,-12,18,-2,4,-17,-30,-8,8,6
823.0,3,4,-12,-11,16,-2,6,-17,-29,-9,6,4
824.0,1,3,-12,-10,15,-2,7,-17,-27,-10,5,1
825.0,0,2,-11,-8,14,-2,8,-17,-26,-12,3,0
826.0,-2,2,-10,-7,12,-2,9,-17,-25,-13,2,-1
827.0,-4,1,-8,-6,11,-2,11,-17,-24,-14,1,-2
828.0,-5,1,-8,-5,10,-2,11,-17,-23,-14,0,-4
829.0,-6,1,-7,-4,9,-2,11,-16,-22,-15,-1,-5
830.0,-7,1,-6,-3,8,-1,12,-16,-21,-16,-2,-6
831.0,-8,0,-6,-2,7,-1,12,-16,-20,-17,-3,-7
832.0,-9,0,-5,-1,6,-1,13,-15,-19,-17,-4,-8
833.0,-10,0,-4,0,5,-1,13,-15,-18,-18,-4,-9
834.0,-11,0,-3,0,4,-1,13,-14,-17,-18,-5,-9
835.0,-11,0,-2,1,3,-1,12,-13,-15,-18,-6,-10
836.0,-12,0,-2,1,3,-1,12,-13,-15,-19,-7,-10
837.0,-12,-1,-2,2,2,-1,12,-13,-14,-19,-7,-10
838.0,-12,0,-2,3,1,-1,12,-12,-13,-19,-8,-10
839.0,-12,0,-1,3,1,0,11,-11,-12,-19,-8,-11
840.0,-13,0,-1,4,0,0,11,-11,-11,-19,-9,-11
841.0,-13,0,0,4,-1,0,11,-10,-10,-19,-9,-11
842.0,-13,0,0,5,-1,0,10,-10,-9,-19,-9,-11
843.0,-13,0,1,5,-2,0,9,-9,-8,-18,-10,-11
844.0,-13,0,1,6,-2,0,9,-9,-8,-18,-10,-11
845.0,-13,0,2,6,-3,0,9,-8,-8,-18,-10,-11
846.0,-13,0,2,6,-3,0,8,-7,-7,-18,-10,-11
847.0,-13,0,2,7,-4,0,8,-7,-7,-17,-10,-11
848.0,-13,1,3,7,-4,0,8,-6,-6,-17,-10,-10
849.0,-13,1,3,7,-4,0,8,-5,-6,-17,-10,-10
850.0,-12,1,3,7,-5,0,7,-4,-5,-16,-10,-10
851.0,-12,1,3,7,-5,0,7,-4,-5,-16,-10,-10
852.0,-12,1,4,8,-5,0,7,-4,-5,-16,-10,-10
853.0,-12,1,4,8,-5,0,7,-3,-5,-15,-10,-10
854.0,-11,1,4,8,-6,0,7,-2,-4,-15,-10,-9
855.0,-11,1,4,8,-6,0,7,-2,-4,-15,-10,-9
856.0,-11,1,4,8,-6,0,7,-2,-3,-14,-10,-9
857.0,-11,1,4,8,-6,0,6,-2,-3,-14,-10,-9
858.0,-11,1,4,8,-6,0,6,-2,-2,-13,-10,-9
859.0,-11,1,4,8,-6,0,6,-1,-2,-13,-10,-9
860.0,-11,1,4,8,-6,0,6,-1,-2,-13,-9,-9
861.0,-11,1,4,8,-6,0,6,-1,-2,-12,-9,-9
862.0,-11,1,4,8,-6,0,6,0,-1,-12,-9,-9
863.0,-10,1,4,8,-6,0,6,0,-1,-12,-9,-9
864.0,-10,1,4,9,-6,0,6,0,-1,-11,-9,-9
865.0,-10,1,4,9,-6,0,6,1,-1,-11,-9,-9
866.0,-10,1,4,9,-6,0,6,1,-1,-11,-9,-9
867.0,-10,1,4,9,-6,0,6,1,-1,-10,-9,-8
868.0,-10,1,4,8,-6,0,6,1,-1,-10,-8,-8
869.0,-9,1,4,8,-6,0,6,2,-1,-10,-8,-8
870.0,-9,1,4,8,-6,0,6,2,-1,-10,-8,-8
871.0,-9,1,4,8,-6,0,6,2,0,-9,-8,-8
872.0,-9,1,4,8,-6,0,6,2,0,-9,-8,-8
873.0,-9,1,4,8,-6,0,6,2,0,-9,-8,-8
874.0,-9,1,4,8,-6,0,6,2,0,-9,-8,-8
875.0,-9,1,4,8,-6,0,6,2,0,-9,-8,-8
876.0,-8,1,4,8,-6,0,6,2,0,-8,-8,-8
877.0,-8,1,4,8,-5,0,6,3,0,-8,-8,-8
878.0,-8,1,4,8,-5,0,6,3,0,-8,-8,-8
879.0,-8,1,4,8,-5,0,6,3,0,-8,-7,-8
880.0,-8,1,4,8,-5,0,6,3,0,-8,-7,-8
881.0,-8,1,4,8,-5,0,6,3,0,-7,-7,-8
882.0,-9,1,4,8,-5,0,6,3,0,-7,-7,-8
883.0,-9,1,4,8,-5,0,6,3,0,-7,-7,-8
884.0,-9,1,3,8,-5,0,6,3,0,-7,-7,-8
885.0,-9,1,3,8,-5,0,6,3,0,-7,-7,-8
886.0,-9,1,3,8,-5,0,6,3,0,-7,-7,-8
887.0,-9,1,3,8,-5,0,6,3,0,-7,-7,-8
888.0,-9,1,3,8,-5,0,6,3,0,-7,-7,-8
889.0,-9,1,3,8,-5,0,6,3,0,-7,-7,-8
890.0,-9,1,3,8,-5,0,6,3,0,-7,-7,-8
891.0,-9,1,3,8,-5,0,6,3,0,-7,-7,-8
892.0,-9,1,3,8,-5,0,6,3,0,-6,-7,-8
893.0,-9,1,3,8,-5,0,6,3,0,-6,-7,-8
894.0,-9,1,3,8,-5,0,6,3,0,-6,-7,-8
895.0,-9,1,3,8,-5,0,6,3,0,-6,-7,-8
896.0,-9,0,3,8,-5,0,6,3,0,-6,-7,-8
897.0,-9,0,3,8,-5,0,6,3,0,-6,-7,-8
898.0,-9,0,3,8,-5,0,6,3,0,-6,-7,-8
899.0,-9,0,3,8,-5,0,6,3,0,-6,-7,-8
900.0,-9,0,3,8,-5,0,6,3,0,-6,-7,-9
901.0,-9,0,3,8,-5,0,6,3,0,-6,-7,-9
902.0,-9,0,3,8,-5,0,6,3,0,-6,-7,-9
903.0,-9,0,3,8,-5,0,6,3,0,-6,-7,-9
904.0,-9,0,3,8,-5,0,6,3,0,-6,-7,-9
905.0,-9,0,3,8,-5,0,6,3,0,-6,-7,-9
906.0,-9,0,3,8,-5,0,6,3,0,-6,-7,-9
907.0,-9,0,3,8,-5,0,6,3,0,-6,-7,-9
908.0,-9,0,3,8,-5,0,6,3,0,-6,-7,-9
909.0,-9,1,3,8,-5,0,6,3,0,-6,-7,-9
910.0,-8,1,3,8,-5,0,6,3,0,-6,-7,-9
911.0,-8,0,3,8,-5,0,6,3,0,-6,-7,-9
912.0,-8,0,3,8,-5,0,6,3,0,-6,-7,-9
913.0,-8,0,3,8,-5,0,6,3,0,-6,-7,-9
914.0,-8,0,3,8,-5,0,6,3,0,-6,-7,-9
915.0,-8,1,3,8,-5,0,6,3,0,-6,-7,-9
916.0,-9,1,3,8,-5,0,6,3,0,-6,-7,-9
917.0,-9,1,3,8,-5,0,6,3,0,-6,-7,-9
918.0,-9,1,3,8,-5,0,6,3,0,-6,-7,-9
919.0,-9,0,3,8,-5,0,7,3,0,-6,-7,-9
920.0,-9,0,3,8,-5,0,7,3,0,-6,-7,-9
921.0,-9,0,3,8,-5,0,7,3,0,-6,-7,-9
922.0,-9,0,3,8,-5,0,7,3,0,-6,-7,-9
923.0,-9,0,3,8,-5,0,7,3,0,-6,-7,-9
924.0,-9,0,3,8,-5,0,7,3,0,-6,-7,-9
925.0,-9,0,3,8,-5,0,7,3,0,-6,-7,-9
926.0,-9,0,3,8,-5,0,7,3,0,-6,-7,-9
927.0,-9,0,3,8,-5,0,7,3,0,-6,-7,-9
928.0,-9,0,3,8,-5,0,7,3,0,-6,-7,-9
929.0,-9,0,3,8,-5,0,7,3,0,-6,-7,-9
930.0,-9,0,3,8,-5,0,7,3,0,-6,-7,-9
931.0,-9,0,3,8,-5,0,7,3,0,-6,-7,-9
932.0,-9,0,3,8,-5,0,7,3,0,-6,-7,-9
933.0,-9,0,3,8,-5,0,7,3,0,-6,-7,-9
934.0,-9,0,3,8,-5,0,7,3,0,-6,-7,-9
935.0,-9,0,3,8,-5,0,7,3,0,-6,-7,-9
936.0,-9,-1,2,8,-5,0,7,3,0,-6,-7,-9
937.0,-9,-1,2,8,-5,0,7,3,0,-6,-7,-9
938.0,-9,-1,2,8,-5,0,7,3,-1,-6,-7,-9
939.0,-9,-1,2,9,-5,0,7,3,-1,-6,-7,-9
940.0,-10,-1,2,9,-5,0,7,3,-1,-6,-7,-9
941.0,-10,-1,2,9,-5,0,7,3,-1,-6,-7,-9
942.0,-10,-1,2,9,-5,0,7,3,-1,-6,-7,-9
943.0,-10,-1,2,9,-5,0,7,3,-1,-7,-7,-9
944.0,-10,-1,2,9,-5,0,7,3,-1,-7,-7,-9
945.0,-10,-1,2,9,-5,0,7,3,-1,-7,-7,-9
946.0,-10,-1,2,9,-5,0,7,3,-1,-7,-7,-9
947.0,-10,-1,2,9,-5,-1,7,3,-1,-7,-7,-10
948.0,-10,-1,2,9,-5,-1,7,3,-1,-7,-7,-10
949.0,-10,-1,2,9,-5,-1,7,3,-1,-7,-7,-10
950.0,-10,-1,2,9,-5,-1,7,3,-1,-7,-7,-10
951.0,-10,-1,2,9,-5,-1,7,3,-1,-7,-7,-10
952.0,-10,-1,2,9,-5,-1,7,3,-1,-7,-7,-10
953.0,-10,-1,2,9,-5,-1,7,3,-1,-7,-7,-10
954.0,-10,-1,2,9,-5,-1,8,3,-1,-7,-8,-10
955.0,-10,-1,2,9,-5,-1,8,3,-1,-7,-8,-10
956.0,-10,-1,2,9,-5,-1,8,3,-1,-7,-8,-10
957.0,-10,-1,2,9,-5,-1,8,3,-1,-7,-8,-10
958.0,-10,-1,2,9,-5,-1,8,3,-1,-7,-8,-10
959.0,-10,-1,2,9,-5,-1,8,3,-1,-7,-8,-10
960.0,-10,-1,2,9,-5,-1,8,3,-1,-7,-8,-10
961.0,-10,-1,2,9,-5,-1,8,3,-1,-8,-8,-10
962.0,-10,-2,2,9,-5,-1,8,3,-1,-8,-8,-10
963.0,-10,-2,2,9,-5,-1,8,3,-2,-8,-8,-10
964.0,-10,-2,2,9,-5,-1,8,3,-2,-8,-8,-10
965.0,-10,-2,2,9,-5,-1,8,3,-2,-8,-8,-10
966.0,-10,-2,2,9,-5,-1,8,3,-2,-8,-8,-10
967.0,-10,-2,2,9,-5,-1,8,3,-2,-8,-8,-10
968.0,-10,-2,2,9,-5,-1,8,3,-2,-8,-8,-10
969.0,-10,-2,2,9,-5,-1,8,3,-2,-8,-8,-10
970.0,-10,-2,2,10,-5,-1,8,3,-3,-8,-8,-10
971.0,-10,-3,2,10,-5,-1,8,3,-3,-9,-8,-10
972.0,-10,-3,2,10,-5,-2,8,3,-3,-9,-8,-10
973.0,-10,-3,2,10,-5,-2,8,3,-3,-9,-9,-10
974.0,-10,-3,1,10,-5,-2,8,3,-3,-9,-9,-10
975.0,-10,-3,1,10,-5,-2,8,3,-3,-9,-9,-10
976.0,-10,-3,1,10,-5,-2,8,3,-4,-9,-9,-10
977.0,-10,-3,1,10,-5,-2,8,3,-4,-9,-9,-10
978.0,-10,-3,1,10,-5,-2,8,2,-4,-9,-9,-11
979.0,-11,-3,1,10,-5,-2,8,2,-4,-10,-9,-11
980.0,-11,-3,1,10,-5,-2,8,2,-4,-10,-9,-11
981.0,-11,-3,1,10,-5,-2,8,2,-4,-10,-9,-11
982.0,-11,-3,1,10,-5,-2,8,2,-5,-10,-9,-11
983.0,-11,-3,1,10,-5,-2,8,2,-5,-10,-9,-11
984.0,-11,-4,1,10,-5,-2,8,2,-5,-10,-9,-11
985.0,-11,-4,1,10,-4,-2,8,2,-5,-11,-10,-11
986.0,-11,-4,1,10,-4,-2,8,2,-5,-11,-10,-11
987.0,-11,-4,1,10,-4,-2,8,2,-5,-11,-10,-11
988.0,-11,-4,1,10,-4,-2,8,2,-5,-11,-10,-11
989.0,-11,-4,1,11,-4,-3,8,2,-5,-11,-10,-11
990.0,-11,-4,1,11,-4,-3,8,2,-5,-11,-10,-11
991.0,-11,-4,1,11,-4,-3,8,2,-6,-12,-10,-11
992.0,-11,-4,1,11,-4,-3,8,2,-6,-12,-10,-11
993.0,-10,-4,0,11,-4,-3,8,2,-6,-12,-10,-11
994.0,-10,-4,0,11,-4,-3,8,2,-6,-12,-10,-11
995.0,-10,-4,0,11,-4,-3,8,1,-6,-12,-10,-11
996.0,-10,-4,0,11,-4,-3,7,1,-6,-12,-11,-11
997.0,-10,-4,0,11,-4,-3,7,1,-7,-13,-11,-11
998.0,-10,-4,0,11,-4,-3,7,1,-7,-13,-11,-11
999.0,-10,-4,0,11,-4,-3,7,1,-7,-13,-11,-11
1000.0,-10,-4,0,11,-4,-3,7,1,-7,-13,-11,-11
1001.0,-10,-4,0,11,-4,-3,7,1,-8,-13,-11,-11
1002.0,-10,-4,0,11,-4,-3,7,1,-8,-13,-11,-11
1003.0,-10,-4,0,11,-4,-3,7,1,-8,-13,-11,-11
1004.0,-10,-4,0,11,-4,-3,7,1,-8,-14,-11,-11
1005.0,-9,-4,-1,11,-4,-4,7,1,-9,-14,-11,-11
1006.0,-9,-4,-1,11,-3,-4,7,1,-9,-14,-11,-11
1007.0,-9,-4,-1,11,-3,-4,7,1,-9,-14,-11,-11
1008.0,-9,-4,-1,10,-3,-4,6,0,-10,-14,-11,-11
1009.0,-9,-4,-1,10,-3,-4,6,0,-10,-14,-11,-10
1010.0,-9,-4,-1,10,-3,-4,6,0,-10,-14,-11,-10
1011.0,-9,-4,-1,10,-3,-4,6,0,-10,-15,-11,-10
1012.0,-9,-4,-1,10,-3,-4,6,0,-11,-15,-11,-10
1013.0,-9,-4,-1,10,-3,-4,6,0,-11,-15,-11,-10
1014.0,-8,-4,-1,10,-3,-4,5,0,-11,-15,-11,-10
1015.0,-8,-4,-1,10,-3,-4,5,0,-11,-15,-11,-10
1016.0,-8,-4,-2,10,-3,-4,5,0,-11,-15,-11,-10
1017.0,-8,-4,-2,10,-2,-4,5,-1,-11,-15,-11,-9
1018.0,-8,-4,-2,10,-2,-4,5,-1,-11,-15,-11,-9
1019.0,-8,-4,-2,10,-2,-4,5,-1,-11,-15,-11,-9
1020.0,-8,-4,-2,10,-2,-4,4,-1,-12,-15,-11,-9
1021.0,-8,-4,-2,10,-2,-4,4,-1,-12,-15,-11,-9
1022.0,-8,-4,-2,10,-2,-5,4,-1,-12,-15,-11,-9
1023.0,-8,-4,-2,10,-2,-5,4,-1,-12,-15,-11,-9
1024.0,-8,-4,-2,10,-2,-5,3,-1,-12,-15,-11,-8
1025.0,-8,-4,-2,10,-2,-5,3,-1,-12,-15,-10,-8
1026.0,-8,-4,-2,10,-2,-5,3,-1,-12,-15,-10,-8
1027.0,-7,-4,-2,10,-2,-5,3,-1,-12,-15,-10,-8
1028.0,-7,-4,-2,10,-2,-5,3,-1,-12,-15,-10,-8
1029.0,-7,-4,-2,10,-1,-5,2,-1,-12,-15,-10,-7
1030.0,-7,-3,-2,9,-1,-5,2,-1,-12,-15,-10,-7
1031.0,-6,-3,-2,9,-1,-5,2,-1,-12,-15,-10,-7
1032.0,-6,-3,-2,9,-1,-5,2,-1,-12,-15,-9,-7
1033.0,-6,-3,-2,9,-1,-5,2,-1,-12,-15,-9,-6
1034.0,-6,-3,-2,9,-1,-5,2,-1,-12,-15,-9,-6
1035.0,-6,-2,-2,9,-1,-5,1,-1,-12,-14,-9,-6
1036.0,-5,-2,-2,9,-1,-5,1,-1,-11,-14,-9,-6
1037.0,-5,-2,-2,9,-1,-4,1,-1,-11,-14,-8,-5
1038.0,-5,-2,-2,8,-1,-4,1,-1,-11,-14,-8,-5
1039.0,-5,-2,-2,8,0,-4,1,-1,-11,-14,-8,-5
1040.0,-5,-1,-2,8,0,-4,1,-1,-10,-13,-8,-4
1041.0,-5,-1,-2,8,0,-4,1,-1,-10,-13,-7,-4
1042.0,-4,-1,-2,8,0,-4,1,-1,-10,-13,-7,-4
1043.0,-4,-1,-2,8,0,-4,1,-1,-10,-13,-7,-3
1044.0,-4,0,-2,7,0,-4,1,-1,-9,-12,-6,-3
1045.0,-4,0,-2,7,0,-4,0,-1,-9,-12,-6,-3
1046.0,-3,0,-2,7,0,-4,0,-1,-9,-12,-6,-3
1047.0,-3,1,-2,7,0,-4,0,-1,-9,-11,-6,-2
1048.0,-2,1,-2,7,0,-4,0,0,-8,-11,-5,-2
1049.0,-2,1,-2,6,1,-3,0,0,-8,-11,-5,-2
1050.0,-2,1,-2,6,1,-3,0,0,-8,-10,-5,-2
1051.0,-1,2,-2,6,1,-3,-1,0,-7,-10,-4,-1
1052.0,-1,2,-2,6,1,-3,-1,0,-7,-10,-4,-1
1053.0,-1,2,-2,5,1,-3,-1,0,-6,-9,-4,-1
1054.0,0,2,-2,5,1,-3,-1,0,-6,-9,-3,-1
1055.0,0,3,-2,5,2,-3,-1,0,-6,-8,-3,0
1056.0,0,3,-3,5,2,-3,-1,0,-5,-8,-3,0
1057.0,0,3,-3,5,2,-3,-1,0,-5,-8,-3,0
1058.0,1,3,-3,4,2,-3,-1,1,-5,-7,-2,0
1059.0,1,4,-3,4,2,-3,-1,1,-5,-7,-2,0
1060.0,1,4,-3,4,2,-2,-1,1,-4,-7,-2,0
1061.0,1,4,-2,4,2,-2,-1,1,-4,-6,-1,0
1062.0,1,4,-2,3,2,-2,-1,1,-4,-6,-1,0
1063.0,1,4,-2,3,2,-2,-1,1,-3,-6,-1,0
1064.0,1,5,-2,3,2,-2,-1,1,-3,-5,-1,0
1065.0,1,5,-2,3,2,-2,-1,2,-3,-5,-1,0
1066.0,1,5,-2,3,3,-2,-1,2,-2,-4,-1,0
1067.0,1,5,-2,2,3,-1,-1,2,-1,-4,-1,0
1068.0,1,5,-2,2,3,-1,-1,2,-1,-4,-1,0
1069.0,1,6,-2,2,3,-1,-1,2,-1,-4,-1,0
1070.0,1,6,-2,2,3,-1,-1,2,0,-4,0,0
1071.0,1,6,-2,2,3,-1,-1,3,0,-4,0,0
1072.0,1,6,-2,2,3,-1,-1,3,0,-4,0,0
1073.0,1,6,-2,2,3,-1,-1,3,1,-3,0,0
1074.0,2,6,-2,1,3,-1,-1,3,1,-3,0,0
1075.0,2,6,-2,1,3,0,-1,3,2,-3,0,0
1076.0,2,6,-2,1,3,0,-1,3,2,-2,1,0
1077.0,2,6,-2,1,3,0,-1,3,2,-2,1,0
1078.0,2,6,-2,1,3,0,-1,3,3,-2,1,1
1079.0,2,6,-2,1,3,0,-1,3,3,-2,1,1
1080.0,2,6,-2,0,3,0,-1,3,3,-1,1,1
1081.0,2,7,-2,0,3,0,-1,3,3,-1,1,1
1082.0,2,7,-2,0,3,0,-1,3,3,-1,1,1
1083.0,2,7,-2,0,3,0,-1,3,4,-1,2,1
1084.0,2,7,-2,0,3,0,-1,3,4,0,2,1
1085.0,2,7,-2,0,3,0,-1,3,4,0,2,1
1086.0,2,8,-1,0,3,0,-1,3,4,0,2,1
1087.0,2,8,-1,0,3,0,-1,3,4,0,2,1
1088.0,2,8,-1,0,2,1,-1,3,4,0,2,1
1089.0,2,8,-1,0,2,1,-1,3,4,0,2,1
1090.0,2,8,-1,0,2,1,-1,3,4,1,2,1
1091.0,2,8,-1,0,2,1,-1,3,4,1,2,1
1092.0,2,8,-1,0,2,1,-1,3,4,1,2,1
1093.0,2,8,0,0,2,1,-1,3,4,1,2,0
1094.0,2,8,0,0,2,1,-1,3,4,1,2,0
1095.0,2,8,0,0,2,1,-1,2,4,1,2,0
1096.0,1,8,0,0,2,2,-1,2,4,1,2,0
1097.0,1,8,0,0,2,2,-1,2,4,1,2,0
1098.0,1,8,0,0,2,2,-1,2,4,1,2,0
1099.0,1,8,0,0,2,2,-1,2,4,1,2,0
1100.0,1,8,1,0,1,2,-1,2,4,1,2,0
1101.0,1,8,1,0,1,2,-1,2,4,1,2,0
1102.0,1,8,1,0,1,2,-1,2,4,2,2,0
1103.0,1,8,1,0,1,2,-1,2,4,2,2,0
1104.0,1,8,1,0,1,2,-1,1,4,2,2,0
1105.0,1,8,1,0,1,2,-1,1,4,2,2,0
1106.0,1,8,1,0,1,2,-1,1,4,2,2,0
1107.0,1,8,1,0,1,3,-1,1,4,2,2,0
1108.0,1,8,1,0,1,3,-1,1,4,2,2,0
1109.0,1,8,1,0,1,3,-1,1,4,2,2,0
1110.0,1,9,1,0,1,3,-1,1,4,2,2,0
1111.0,1,9,1,0,1,3,-1,1,4,2,2,0
1112.0,1,9,2,0,1,3,-1,1,4,2,2,0
1113.0,1,9,2,0,1,3,-1,1,4,2,2,0
1114.0,1,9,2,0,1,3,-1,1,5,2,2,0
1115.0,1,9,2,0,1,3,-1,1,5,2,2,0
1116.0,1,9,2,0,1,3,-1,1,5,2,2,0
1117.0,1,9,2,0,1,3,-1,1,5,2,2,0
1118.0,1,9,2,0,1,3,-1,1,5,2,2,0
1119.0,1,9,2,0,1,3,-1,1,5,2,2,0
1120.0,1,9,2,0,1,3,-1,1,5,2,2,0
1121.0,1,9,2,0,0,3,-1,1,5,2,2,0
1122.0,1,9,2,0,0,3,-1,1,5,2,2,0
1123.0,1,9,2,0,0,4,-1,1,5,2,2,0
1124.0,1,9,2,0,0,4,-1,1,5,2,2,0
1125.0,1,9,2,0,0,4,-1,1,5,2,2,0
1126.0,1,9,2,0,0,4,-1,1,5,2,2,0
1127.0,1,10,3,-1,0,4,-1,1,5,2,2,0
1128.0,1,10,3,-1,0,4,-1,1,5,2,2,0
1129.0,1,10,3,-1,0,4,-1,1,5,2,2,0
1130.0,1,10,3,-1,0,4,-1,1,5,2,2,0
1131.0,1,10,3,-1,0,4,-1,1,5,2,2,0
1132.0,1,10,3,-1,0,4,-1,1,5,2,2,0
1133.0,1,10,3,-1,0,4,-1,1,5,2,2,0
1134.0,1,10,3,-1,0,4,-1,1,5,2,2,0
1135.0,1,10,3,-1,0,4,-1,1,5,2,2,0
1136.0,1,11,3,-1,0,4,-1,1,5,2,2,0
1137.0,1,10,3,-1,0,4,-1,1,5,2,2,0
1138.0,1,10,3,-1,0,4,-1,1,5,2,2,0
1139.0,1,10,3,-1,0,4,-1,1,5,2,2,0
1140.0,1,10,3,-1,0,4,-1,1,5,2,2,0
1141.0,1,10,3,-1,0,5,-1,1,5,2,2,0
1142.0,1,10,3,-1,0,5,-1,0,5,2,2,0
1143.0,1,10,3,-1,0,5,-1,0,5,2,2,0
1144.0,0,10,3,-1,0,5,-1,0,4,2,2,0
1145.0,0,10,3,-1,0,5,-1,0,4,2,2,0
1146.0,0,9,3,-1,0,5,-1,0,4,2,2,0
1147.0,0,9,3,-1,0,5,-1,0,4,2,2,0
1148.0,0,9,3,-1,0,4,-1,0,4,2,2,0
1149.0,0,9,3,-1,0,4,-1,0,4,2,2,0
1150.0,0,9,3,-1,0,4,-1,0,4,2,2,0
1151.0,0,9,3,-1,0,4,-1,0,4,1,2,0
1152.0,0,9,3,-1,0,4,-1,0,4,1,2,0
1153.0,0,9,3,-1,0,4,-1,0,4,1,1,0
1154.0,0,9,3,-1,0,4,-1,0,4,1,1,0
1155.0,0,9,3,-1,0,4,-1,0,4,1,1,0
1156.0,0,9,3,-1,0,4,-1,0,4,1,1,0
1157.0,1,9,3,-1,0,4,-1,0,4,1,1,0
1158.0,1,9,3,-1,0,4,-1,0,4,1,1,0
1159.0,1,9,3,-1,0,4,-1,0,4,1,1,0
1160.0,1,9,3,-1,0,4,-1,0,4,1,1,0
1161.0,1,10,3,-1,0,4,-1,0,4,1,1,0
1162.0,1,10,3,-1,0,4,-1,0,4,1,1,0
1163.0,1,10,3,-1,0,4,-1,0,4,1,1,0
1164.0,1,10,3,-1,0,4,-1,0,4,1,1,0
1165.0,1,10,3,-1,0,4,-1,0,4,1,1,0
1166.0,1,10,3,-1,0,4,-1,0,4,1,1,0
1167.0,1,10,3,-1,0,4,-1,0,4,1,1,0
1168.0,1,10,3,-1,0,4,-1,0,4,1,1,0
1169.0,1,10,3,-1,0,4,-1,0,4,1,1,0
1170.0,1,10,3,-1,0,4,-1,0,4,1,1,0
1171.0,1,10,3,-1,0,4,-1,0,4,1,1,0
1172.0,1,10,3,-1,0,4,-1,0,4,1,1,0
1173.0,1,10,3,-1,0,4,-1,0,4,1,1,0
1174.0,1,10,3,-1,0,4,-1,0,4,1,1,0
1175.0,1,10,3,-1,0,4,-1,0,4,1,1,0
1176.0,1,10,3,-1,0,4,-1,0,4,1,1,0
1177.0,1,10,3,-1,0,4,-1,0,4,1,1,0
1178.0,1,10,3,-1,0,4,-1,0,4,1,1,0
1179.0,1,10,3,-1,0,4,-1,0,4,1,1,0
1180.0,1,10,3,-1,0,4,-1,0,4,1,1,0
1181.0,1,10,3,-1,0,4,-1,-1,4,1,1,0
1182.0,1,9,3,-1,0,4,-1,-1,4,1,1,0
1183.0,1,9,3,-1,0,4,-1,0,4,1,1,0
1184.0,1,9,3,-1,0,4,-1,0,4,1,1,0
1185.0,1,9,3,-1,0,4,-1,0,3,1,1,0
1186.0,1,9,3,-1,0,4,-1,0,3,1,1,0
1187.0,1,9,3,-1,0,4,-1,0,3,1,1,0
1188.0,1,9,3,-1,0,4,-1,0,3,1,1,0
1189.0,1,9,3,-1,0,4,-1,0,3,1,1,0
1190.0,1,9,3,-1,0,4,-1,0,3,1,1,0
1191.0,1,9,3,-1,0,4,-1,0,3,1,1,0
1192.0,1,9,3,-1,0,4,-1,0,4,1,1,0
1193.0,1,10,3,-1,0,4,-1,0,4,1,1,0
1194.0,1,10,3,-1,0,4,-1,0,4,1,1,0
1195.0,1,10,3,-1,0,4,-1,0,4,1,1,0
1196.0,1,10,3,-1,0,4,-1,0,4,1,1,0
1197.0,1,10,3,-1,0,4,-1,0,4,1,1,0
1198.0,1,10,3,-1,0,4,-1,0,4,1,1,0
1199.0,1,10,3,-1,0,4,-1,0,4,1,1,0
1200.0,2,11,3,-1,0,4,-1,0,4,1,1,0
1201.0,2,11,3,-1,0,5,-1,0,4,1,1,0
1202.0,2,11,3,-1,0,5,-1,0,4,1,1,0
1203.0,2,11,3,-1,0,5,-1,0,4,1,1,0
1204.0,2,11,3,-1,0,5,-1,0,4,1,1,0
1205.0,2,11,3,-1,0,5,0,0,4,1,1,0
1206.0,2,11,3,-1,0,5,0,0,4,1,1,0
1207.0,2,11,3,-1,0,5,0,0,4,1,1,0
1208.0,2,11,3,-1,0,5,0,0,4,1,1,0
1209.0,2,11,3,-1,0,5,0,0,4,1,1,0
1210.0,2,11,3,-1,0,5,0,0,4,1,1,0
1211.0,2,11,3,-1,0,5,0,1,4,1,2,0
1212.0,2,11,3,-2,0,5,0,1,4,1,2,0
1213.0,2,11,3,-2,0,5,0,1,5,1,2,0
1214.0,2,11,3,-2,0,5,0,1,5,1,2,0
1215.0,2,11,3,-2,0,5,0,1,5,1,2,0
1216.0,2,11,3,-2,0,5,-1,1,5,1,2,0
1217.0,2,11,3,-2,0,5,-1,1,5,1,2,0
1218.0,2,11,3,-2,0,5,-1,1,5,1,2,0
1219.0,2,11,3,-2,0,5,-1,1,5,1,2,0
1220.0,2,11,3,-2,0,5,-1,1,5,1,2,0
1221.0,2,11,3,-2,0,5,-1,1,5,1,2,0
1222.0,2,11,3,-2,0,5,-1,1,5,1,2,0
1223.0,2,11,3,-2,0,5,-1,1,5,1,2,0
1224.0,2,11,4,-2,0,5,-1,1,5,1,2,0
1225.0,2,11,4,-2,0,5,-1,1,5,1,2,0
1226.0,2,11,4,-2,0,5,-1,1,5,1,2,0
1227.0,2,11,4,-2,0,5,-1,1,5,1,2,0
1228.0,2,11,4,-2,0,5,-1,1,5,1,2,0
1229.0,2,11,4,-2,0,5,-1,1,5,1,2,0
1230.0,2,11,4,-2,0,5,-1,1,5,1,2,0
1231.0,2,11,4,-2,0,5,-1,1,5,1,2,0
1232.0,2,11,4,-2,0,5,-1,1,5,1,2,0
1233.0,2,11,4,-2,0,5,-1,1,5,1,2,0
1234.0,2,12,4,-2,0,5,-1,1,5,1,2,0
1235.0,2,12,4,-2,0,5,-1,1,4,1,2,0
1236.0,2,12,4,-2,0,5,-1,0,4,1,2,0
1237.0,2,12,3,-2,0,5,-1,0,4,1,2,0
1238.0,2,12,3,-2,0,5,-1,0,4,1,2,0
1239.0,2,12,3,-2,0,5,-1,1,4,1,2,0
1240.0,9,10,2,-2,2,5,-2,18,1,1,2,-2
1241.0,23,3,-4,-3,7,2,-3,41,-6,0,1,-5
1242.0,26,0,-7,-4,9,-1,-4,52,-8,-1,-1,-6
1243.0,14,6,-8,-4,9,-2,-4,23,-1,-1,-1,-2
1244.0,5,10,-4,-4,5,-1,-4,4,3,-1,-1,0
1245.0,13,10,-2,-4,4,0,-3,21,3,-1,0,-1
1246.0,8,10,-4,-4,6,0,-3,12,3,-1,0,0
1247.0,2,11,-2,-3,4,1,-2,-3,5,0,1,0
1248.0,0,12,-2,-3,4,2,-2,-8,5,0,1,1
1249.0,-1,13,-1,-3,3,3,-2,-11,6,0,1,1
1250.0,-3,13,0,-3,3,3,-2,-13,6,0,2,2
1251.0,-4,14,2,-2,2,4,-1,-14,5,0,2,2
1252.0,-4,14,2,-2,1,4,-1,-15,5,0,2,2
1253.0,-4,14,3,-2,1,5,-1,-15,4,1,2,2
1254.0,-4,14,4,-2,0,5,-1,-15,4,1,2,2
1255.0,-4,14,4,-2,0,6,-1,-14,3,1,2,2
1256.0,-4,13,4,-2,0,6,-1,-14,3,1,2,2
1257.0,-3,13,5,-2,-1,6,-1,-13,3,1,2,1
1258.0,-3,13,5,-2,-1,6,-2,-11,2,1,2,1
1259.0,-2,13,5,-2,-1,6,-2,-10,2,1,2,1
1260.0,-2,12,5,-2,-1,6,-2,-10,2,0,2,1
1261.0,-2,12,5,-2,-1,6,-2,-9,1,0,2,1
1262.0,-1,12,5,-1,-1,6,-2,-8,1,0,2,0
1263.0,-1,11,5,-1,-1,6,-2,-7,1,0,2,0
1264.0,0,11,5,-1,-1,6,-2,-7,1,0,2,0
1265.0,0,11,5,-1,-1,6,-2,-6,0,0,2,0
1266.0,0,11,5,-1,-1,6,-2,-5,0,0,2,0
1267.0,1,11,5,-1,-1,6,-2,-5,0,0,2,0
1268.0,1,11,5,-1,-1,6,-2,-4,0,0,2,0
1269.0,1,11,5,-1,-1,6,-2,-4,0,0,2,0
1270.0,1,10,5,-1,-1,6,-2,-3,-1,-1,2,0
1271.0,1,10,5,-1,-1,6,-2,-3,-1,-1,2,0
1272.0,1,10,4,-1,-1,6,-2,-3,-1,-1,2,0
1273.0,1,11,4,-1,-1,6,-2,-3,-1,-1,2,0
1274.0,2,11,4,-1,-1,5,-2,-3,-1,-1,1,0
1275.0,2,11,4,-1,-1,5,-2,-2,-1,-1,1,0
1276.0,2,11,4,-1,0,5,-2,-2,-1,-1,1,0
1277.0,2,11,4,-2,0,5,-2,-2,-1,-1,1,0
1278.0,2,11,4,-2,0,5,-2,-2,-1,-1,1,0
1279.0,2,11,4,-2,0,5,-2,-2,-1,-1,1,0
1280.0,2,11,4,-2,0,5,-2,-2,-1,-1,1,0
1281.0,2,11,4,-2,0,5,-2,-2,-1,-1,1,0
1282.0,2,11,4,-2,0,5,-2,-2,-1,-2,1,0
1283.0,2,11,4,-2,0,5,-2,-2,-1,-2,1,0
1284.0,2,11,4,-2,0,5,-3,-2,-1,-2,1,0
1285.0,2,12,4,-2,0,5,-3,-2,-1,-2,1,0
1286.0,2,12,4,-2,0,5,-3,-2,-1,-2,1,0
1287.0,2,12,4,-2,0,5,-3,-2,-2,-2,1,0
1288.0,2,12,4,-2,0,5,-4,-2,-2,-2,1,0
1289.0,2,12,4,-2,0,6,-4,-2,-2,-2,1,0
1290.0,3,13,4,-2,0,6,-4,-2,-2,-2,1,0
1291.0,3,13,4,-3,0,6,-4,-2,-2,-2,1,0
1292.0,3,13,4,-3,1,6,-5,-2,-1,-1,2,0
1293.0,4,14,4,-3,1,6,-5,-2,-1,-1,2,1
1294.0,4,14,4,-3,1,6,-6,-2,-1,-1,2,1
1295.0,4,14,4,-3,1,6,-6,-2,-1,-1,2,2
1296.0,5,15,3,-4,1,6,-6,-2,-1,-1,2,2
1297.0,5,16,4,-4,1,6,-7,-3,-1,0,3,3
1298.0,6,16,4,-4,1,6,-8,-3,-1,0,3,3
1299.0,6,16,4,-4,1,6,-8,-3,-1,0,3,3
1300.0,7,17,4,-5,2,7,-9,-3,-1,0,4,4
1301.0,7,18,4,-5,2,7,-10,-4,-2,1,4,5
1302.0,7,18,4,-5,2,7,-10,-4,-2,1,4,5
1303.0,8,19,4,-6,2,7,-11,-4,-3,1,5,6
1304.0,9,20,4,-6,2,8,-12,-5,-4,2,5,7
1305.0,10,20,4,-7,2,8,-13,-5,-5,2,6,8
1306.0,10,21,4,-7,3,8,-14,-6,-5,2,6,8
1307.0,11,21,4,-8,3,8,-14,-6,-5,3,7,9
1308.0,12,22,4,-8,3,8,-15,-6,-6,3,8,10
1309.0,13,22,3,-9,3,9,-16,-7,-7,4,8,11
1310.0,13,23,3,-9,3,9,-17,-7,-7,4,9,12
1311.0,15,23,3,-10,3,9,-18,-8,-8,4,9,13
1312.0,16,24,3,-10,4,9,-19,-8,-9,5,11,15
1313.0,17,25,2,-11,5,9,-20,-9,-10,5,11,16
1314.0,19,25,2,-12,5,9,-21,-10,-10,6,12,18
1315.0,19,25,2,-12,5,9,-22,-10,-11,6,13,19
1316.0,21,26,1,-13,6,9,-24,-11,-12,7,14,21
1317.0,22,26,1,-14,7,9,-25,-12,-12,8,16,23
1318.0,23,27,1,-14,7,9,-26,-12,-13,8,16,24
1319.0,24,27,0,-14,8,9,-27,-12,-13,9,17,25
1320.0,25,27,0,-15,9,9,-28,-13,-14,10,19,27
1321.0,27,27,-1,-16,10,9,-29,-14,-14,10,20,29
1322.0,27,28,-1,-16,10,9,-30,-14,-14,10,21,30
1323.0,28,28,-2,-17,11,9,-31,-15,-14,11,22,31
1324.0,29,28,-2,-18,12,9,-32,-15,-14,12,23,33
1325.0,30,28,-2,-19,12,9,-33,-16,-13,12,24,35
1326.0,31,29,-2,-19,13,9,-33,-16,-13,13,25,36
1327.0,32,29,-3,-20,14,8,-34,-16,-12,14,26,37
1328.0,33,29,-4,-20,15,8,-34,-16,-11,14,27,38
1329.0,34,29,-4,-21,15,8,-35,-16,-10,15,28,40
1330.0,34,29,-5,-21,16,8,-35,-16,-9,15,29,40
1331.0,36,30,-6,-22,17,8,-35,-16,-7,16,30,41
1332.0,36,30,-6,-23,18,8,-35,-15,-6,16,31,42
1333.0,37,30,-7,-23,18,7,-35,-15,-5,17,32,43
1334.0,38,30,-7,-23,19,7,-35,-15,-4,17,32,43
1335.0,39,29,-8,-24,20,7,-35,-14,-3,18,33,44
1336.0,39,29,-9,-25,21,7,-35,-13,-1,18,33,44
1337.0,40,29,-9,-25,21,6,-34,-13,0,18,34,45
1338.0,40,29,-10,-25,22,6,-34,-13,1,19,34,45
1339.0,41,29,-11,-26,23,6,-34,-12,2,19,34,45
1340.0,41,29,-11,-26,23,6,-33,-11,2,19,34,45
1341.0,41,29,-11,-26,23,5,-33,-11,2,19,34,45
1342.0,42,29,-12,-27,24,5,-32,-11,0,19,34,45
1343.0,42,29,-13,-27,25,5,-31,-11,-1,19,34,44
1344.0,42,28,-13,-27,25,5,-31,-10,-2,18,34,44
1345.0,42,27,-14,-27,26,4,-30,-10,-4,18,33,43
1346.0,42,27,-14,-27,26,4,-29,-10,-7,18,33,43
1347.0,41,25,-15,-27,27,3,-28,-10,-9,16,32,42
1348.0,41,24,-16,-27,27,3,-26,-10,-12,15,31,41
1349.0,40,23,-16,-27,27,3,-25,-10,-15,15,31,39
1350.0,40,22,-17,-27,28,2,-24,-11,-18,13,30,38
1351.0,38,20,-17,-26,28,1,-22,-11,-22,12,29,37
1352.0,37,18,-18,-26,28,0,-21,-12,-24,11,27,35
1353.0,36,17,-19,-25,28,0,-19,-12,-26,9,26,33
1354.0,34,15,-19,-25,28,0,-17,-13,-29,7,25,31
1355.0,32,13,-19,-24,28,-1,-16,-14,-31,6,23,29
1356.0,30,12,-19,-23,28,-1,-14,-14,-33,4,22,27
1357.0,28,11,-20,-23,28,-1,-12,-15,-34,2,20,25
1358.0,26,9,-20,-21,27,-2,-10,-16,-35,1,19,23
1359.0,24,8,-20,-20,26,-3,-8,-16,-36,-1,17,21
1360.0,22,7,-19,-19,26,-3,-6,-17,-36,-3,16,18
1361.0,19,6,-19,-19,25,-3,-5,-17,-37,-4,15,17
1362.0,17,5,-19,-17,24,-4,-3,-17,-36,-5,12,13
1363.0,14,4,-18,-16,23,-4,-1,-18,-36,-7,11,11
1364.0,12,3,-18,-15,22,-4,0,-18,-35,-8,9,9
1365.0,10,3,-18,-14,22,-4,2,-18,-35,-10,8,7
1366.0,7,2,-17,-12,20,-5,3,-18,-33,-11,6,5
1367.0,5,1,-16,-11,19,-5,5,-18,-32,-12,5,3
1368.0,4,0,-15,-10,18,-5,6,-17,-30,-13,3,1
1369.0,2,0,-15,-9,17,-5,7,-17,-30,-14,2,0
1370.0,1,-1,-14,-7,15,-5,9,-17,-28,-15,0,-2
1371.0,-1,-1,-13,-6,14,-5,10,-17,-26,-16,-1,-3
1372.0,-2,-1,-13,-5,14,-5,10,-17,-25,-17,-1,-4
1373.0,-3,-2,-12,-4,13,-5,11,-16,-24,-18,-2,-5
1374.0,-5,-2,-11,-3,11,-5,12,-16,-23,-19,-3,-7
1375.0,-6,-2,-10,-2,10,-5,12,-16,-21,-19,-4,-8
1376.0,-7,-2,-9,-1,9,-5,12,-15,-20,-20,-5,-8
1377.0,-8,-2,-8,0,8,-4,12,-15,-18,-20,-6,-9
1378.0,-8,-2,-8,0,7,-4,12,-14,-17,-20,-7,-10
1379.0,-9,-2,-7,1,6,-4,12,-14,-16,-21,-8,-10
1380.0,-9,-2,-7,1,6,-4,12,-14,-16,-21,-8,-10
1381.0,-10,-2,-6,2,4,-4,12,-13,-14,-21,-9,-11
1382.0,-10,-2,-5,3,3,-4,12,-13,-14,-21,-9,-11
1383.0,-10,-2,-4,3,3,-3,11,-12,-13,-21,-10,-11
1384.0,-11,-2,-4,4,3,-3,11,-12,-12,-21,-10,-11
1385.0,-11,-2,-3,4,2,-3,10,-11,-12,-21,-11,-12
1386.0,-11,-1,-2,5,2,-3,10,-11,-11,-20,-11,-12
1387.0,-11,-1,-2,5,1,-3,10,-10,-10,-20,-11,-12
1388.0,-11,-1,-2,5,1,-2,9,-10,-10,-20,-11,-12
1389.0,-11,-1,-2,6,0,-2,9,-9,-9,-20,-12,-12
1390.0,-11,-1,-1,6,-1,-2,8,-9,-8,-20,-12,-12
1391.0,-11,0,-1,6,-1,-2,8,-8,-8,-19,-12,-12
1392.0,-11,0,-1,6,-1,-2,7,-8,-7,-19,-12,-12
1393.0,-11,0,0,7,-2,-1,7,-7,-6,-19,-12,-12
1394.0,-11,0,0,7,-2,-1,6,-7,-6,-18,-12,-11
1395.0,-10,0,0,7,-2,-1,6,-6,-5,-18,-12,-11
1396.0,-10,0,0,7,-3,-1,6,-6,-5,-18,-12,-11
1397.0,-10,1,1,7,-3,-1,5,-5,-5,-17,-12,-11
1398.0,-10,1,1,7,-3,-1,5,-5,-5,-17,-12,-11
1399.0,-9,1,1,7,-3,-1,5,-4,-4,-16,-12,-11
1400.0,-9,1,1,7,-3,-1,5,-4,-4,-16,-12,-11
1401.0,-9,1,2,8,-4,-1,5,-3,-3,-15,-11,-11
1402.0,-9,1,2,8,-4,0,5,-3,-3,-15,-11,-11
1403.0,-8,1,2,8,-4,0,5,-2,-3,-15,-11,-10
1404.0,-8,1,2,8,-4,0,5,-2,-3,-14,-11,-10
1405.0,-8,1,2,8,-4,0,5,-2,-2,-14,-11,-10
1406.0,-8,1,2,8,-4,0,5,-2,-2,-14,-11,-10
1407.0,-8,1,2,8,-4,0,5,-2,-2,-13,-11,-10
1408.0,-8,1,2,8,-4,0,4,-2,-2,-13,-11,-10
1409.0,-8,1,2,8,-4,0,4,-2,-2,-13,-11,-10
1410.0,-8,1,2,8,-4,0,4,-1,-2,-12,-10,-10
1411.0,-8,1,2,8,-4,0,4,-1,-2,-12,-10,-10
1412.0,-7,1,2,8,-4,0,4,-1,-1,-12,-10,-10
1413.0,-7,1,2,8,-4,0,4,-1,-1,-12,-10,-10
1414.0,-7,1,2,8,-4,0,4,-1,-1,-11,-10,-10
1415.0,-7,1,2,8,-4,0,4,0,-1,-11,-10,-10
1416.0,-7,1,2,8,-4,0,4,0,-1,-11,-10,-10
1417.0,-7,1,2,8,-4,0,4,0,0,-11,-10,-10
1418.0,-7,1,2,8,-4,0,4,0,0,-10,-10,-10
1419.0,-7,1,2,8,-4,0,4,0,0,-10,-9,-10
1420.0,-7,1,2,8,-4,0,4,0,0,-10,-9,-10
1421.0,-7,0,2,8,-4,0,4,0,0,-10,-9,-10
1422.0,-7,0,2,7,-4,0,4,0,0,-9,-9,-10
1423.0,-7,0,1,7,-3,-1,4,1,0,-9,-9,-10
1424.0,-7,0,1,7,-3,-1,4,1,0,-9,-9,-10
1425.0,-7,1,1,7,-3,-1,4,1,0,-9,-9,-10
1426.0,-7,1,1,7,-3,-1,4,1,0,-9,-9,-10
1427.0,-7,1,1,7,-3,-1,4,1,0,-9,-9,-10
1428.0,-7,1,1,7,-3,-1,4,1,0,-9,-9,-10
1429.0,-7,1,1,7,-3,-1,5,1,0,-8,-9,-10
1430.0,-7,1,1,7,-3,-1,5,1,0,-8,-9,-10
1431.0,-7,1,1,7,-3,-1,5,1,0,-8,-8,-10
1432.0,-7,1,1,7,-3,-1,5,1,0,-8,-8,-10
1433.0,-7,1,1,7,-3,-1,5,1,0,-8,-8,-10
1434.0,-7,1,1,7,-3,-1,4,1,0,-8,-8,-10
1435.0,-6,1,1,7,-3,-1,4,1,1,-8,-8,-10
1436.0,-6,1,1,7,-3,-1,4,1,1,-8,-8,-10
1437.0,-6,1,1,7,-3,-1,4,1,1,-8,-8,-10
1438.0,-7,1,1,7,-3,-1,4,1,1,-8,-8,-10
1439.0,-7,1,1,7,-3,-1,4,1,1,-8,-8,-10
1440.0,-7,1,1,7,-3,-1,4,1,1,-7,-8,-10
1441.0,-7,1,1,7,-3,-1,4,1,1,-7,-8,-10
1442.0,-7,1,1,7,-3,-1,4,1,1,-7,-8,-10
1443.0,-7,1,1,7,-3,-1,4,1,1,-7,-8,-10
1444.0,-7,1,1,7,-3,-1,5,1,1,-7,-8,-10
1445.0,-7,1,1,7,-3,-1,5,1,1,-7,-8,-10
1446.0,-7,1,1,7,-3,-1,5,1,1,-7,-8,-10
1447.0,-7,1,1,7,-3,-1,5,1,1,-7,-8,-10
1448.0,-7,1,1,7,-3,-1,5,2,1,-7,-8,-10
1449.0,-7,1,1,7,-3,-1,5,2,1,-7,-8,-10
1450.0,-7,1,1,7,-3,-1,5,2,1,-7,-8,-10
1451.0,-7,1,1,7,-3,-1,5,2,1,-7,-8,-10
1452.0,-6,1,1,7,-3,-1,5,2,1,-7,-8,-9
1453.0,-6,1,1,7,-3,-1,4,2,1,-7,-8,-9
1454.0,-6,1,1,7,-3,-1,4,2,1,-7,-8,-9
1455.0,-6,1,1,7,-3,-1,4,2,1,-7,-8,-9
1456.0,-6,1,1,7,-3,-1,4,2,1,-7,-8,-9
1457.0,-6,1,1,7,-3,-1,4,2,1,-7,-8,-9
1458.0,-6,1,1,7,-3,-1,4,2,1,-7,-8,-9
1459.0,-6,1,1,7,-3,-1,4,2,1,-7,-8,-9
1460.0,-6,1,1,7,-3,-1,4,2,1,-7,-8,-9
1461.0,-7,1,1,7,-3,-1,4,2,1,-7,-8,-9
1462.0,-7,1,1,7,-3,-1,4,2,1,-7,-8,-10
1463.0,-7,1,1,7,-3,-1,4,2,1,-7,-8,-10
1464.0,-7,1,1,7,-3,-1,4,2,1,-7,-8,-10
1465.0,-7,1,1,7,-3,-1,4,2,1,-7,-8,-10
1466.0,-7,1,1,7,-3,-1,4,2,1,-7,-8,-10
1467.0,-7,1,1,7,-3,-1,4,2,1,-7,-8,-10
1468.0,-7,1,1,7,-3,-1,4,2,1,-7,-8,-10
1469.0,-7,0,1,7,-3,-1,4,2,1,-7,-8,-10
1470.0,-7,0,1,7,-3,-1,4,2,0,-7,-8,-10
1471.0,-7,0,1,7,-3,-1,4,2,0,-7,-8,-10
1472.0,-7,0,1,7,-3,-1,4,2,0,-7,-8,-10
1473.0,-7,0,1,7,-3,-1,4,2,0,-7,-8,-10
1474.0,-7,0,1,7,-3,-1,4,2,0,-7,-8,-10
1475.0,-6,0,1,7,-2,-1,4,2,0,-7,-8,-10
1476.0,-6,0,1,7,-2,-1,4,2,1,-7,-8,-10
1477.0,-6,0,1,7,-2,-1,4,2,1,-7,-8,-10
1478.0,-6,0,0,7,-2,-1,4,2,1,-7,-8,-10
1479.0,-6,0,0,7,-2,-1,4,2,1,-7,-8,-10
1480.0,-6,0,0,7,-2,-1,4,2,1,-7,-8,-10
1481.0,-6,0,0,7,-2,-1,4,2,1,-7,-8,-10
1482.0,-6,0,0,7,-2,-1,4,2,1,-7,-8,-10
1483.0,-6,0,0,7,-2,-1,4,2,1,-7,-8,-10
1484.0,-6,0,0,7,-2,-1,4,2,1,-7,-8,-10
1485.0,-6,0,0,7,-2,-1,4,2,1,-7,-8,-10
1486.0,-6,1,0,7,-2,-1,4,2,1,-7,-8,-10
1487.0,-6,1,0,7,-2,-1,4,2,0,-7,-8,-10
1488.0,-6,1,0,7,-2,-1,4,2,0,-7,-8,-10
1489.0,-6,1,0,7,-2,-1,4,2,0,-7,-8,-10
1490.0,-6,1,0,7,-2,-1,4,2,0,-7,-8,-10
1491.0,-6,1,0,7,-2,-1,4,2,0,-7,-8,-10
1492.0,-6,1,0,7,-2,-1,4,2,0,-7,-8,-10
1493.0,-6,1,0,7,-2,-1,4,2,0,-7,-8,-10
1494.0,-6,1,0,7,-2,-1,4,2,0,-7,-8,-10
1495.0,-6,1,0,7,-2,-1,4,2,0,-7,-8,-10
1496.0,-7,0,0,7,-2,-1,4,2,0,-7,-8,-10
1497.0,-7,0,0,7,-2,-1,4,2,0,-7,-8,-10
1498.0,-7,0,0,7,-2,-1,4,2,0,-7,-8,-10
1499.0,-7,0,0,7,-2,-1,4,2,0,-7,-8,-10
1500.0,-7,0,0,7,-2,-1,5,1,0,-7,-8,-10
1501.0,-7,0,0,7,-2,-1,5,1,0,-7,-8,-10
1502.0,-7,0,0,7,-2,-1,5,1,-1,-7,-8,-10
1503.0,-7,0,0,7,-2,-1,5,1,-1,-7,-8,-10
1504.0,-7,0,0,7,-2,-1,5,1,-1,-8,-8,-10
1505.0,-7,0,0,7,-2,-1,5,1,-1,-8,-8,-10
1506.0,-7,0,0,7,-2,-1,5,1,-1,-8,-8,-10
1507.0,-7,0,0,7,-2,-1,5,1,-1,-8,-8,-10
1508.0,-7,0,0,7,-2,-1,5,1,-1,-8,-8,-10
1509.0,-7,0,0,7,-2,-1,5,1,-1,-8,-8,-10
1510.0,-7,0,0,7,-2,-1,5,1,-2,-8,-8,-10
1511.0,-6,0,0,7,-2,-1,5,1,-2,-8,-8,-10
1512.0,-6,0,0,7,-2,-1,6,1,-2,-8,-8,-10
1513.0,-6,0,0,7,-2,-1,6,1,-2,-8,-8,-11
1514.0,-6,0,0,7,-2,-2,6,1,-2,-8,-8,-11
1515.0,-6,0,0,7,-2,-2,6,1,-2,-8,-8,-11
1516.0,-6,0,0,7,-2,-2,6,1,-2,-9,-9,-11
1517.0,-6,0,0,7,-2,-2,5,1,-2,-9,-9,-11
1518.0,-6,0,0,7,-2,-2,5,1,-3,-9,-9,-11
1519.0,-6,-1,0,7,-2,-2,5,1,-3,-9,-9,-11
1520.0,-6,-1,0,7,-2,-2,5,1,-3,-9,-9,-11
1521.0,-6,-1,0,7,-2,-2,5,1,-3,-9,-9,-11
1522.0,-6,-1,-1,7,-2,-2,5,1,-3,-9,-9,-11
1523.0,-7,-1,-1,7,-2,-2,5,1,-3,-9,-9,-11
1524.0,-7,-1,-1,7,-2,-2,5,1,-4,-10,-9,-11
1525.0,-7,-1,-1,7,-2,-2,5,0,-4,-10,-9,-11
1526.0,-7,-1,-1,7,-2,-2,5,0,-4,-10,-9,-11
1527.0,-7,-1,-1,7,-2,-2,5,0,-4,-10,-9,-11
1528.0,-7,-1,-1,7,-2,-2,5,0,-4,-10,-9,-11
1529.0,-7,-2,-1,8,-2,-2,5,0,-5,-10,-9,-11
1530.0,-7,-2,-1,8,-2,-2,5,0,-5,-10,-9,-11
1531.0,-7,-2,-1,8,-2,-2,5,0,-5,-11,-10,-11
1532.0,-7,-2,-1,8,-2,-2,5,0,-5,-11,-10,-11
1533.0,-7,-2,-1,8,-2,-2,5,0,-5,-11,-10,-11
1534.0,-7,-2,-1,8,-2,-3,5,0,-5,-11,-10,-11
1535.0,-7,-2,-1,8,-2,-3,5,0,-5,-11,-10,-11
1536.0,-7,-2,-1,8,-2,-3,5,0,-5,-11,-10,-11
1537.0,-7,-2,-1,8,-2,-3,5,0,-6,-11,-10,-11
1538.0,-7,-2,-1,8,-2,-3,5,-1,-6,-12,-10,-11
1539.0,-7,-2,-1,8,-2,-3,5,-1,-6,-12,-10,-11
1540.0,-7,-3,-1,8,-2,-3,5,-1,-6,-12,-10,-11
1541.0,-7,-3,-1,8,-2,-3,5,-1,-6,-12,-10,-11
1542.0,-7,-3,-1,8,-2,-3,5,-1,-7,-12,-10,-11
1543.0,-7,-3,-1,8,-2,-3,5,-1,-7,-12,-10,-11
1544.0,-7,-3,-2,8,-2,-3,5,-1,-7,-12,-10,-11
1545.0,-7,-3,-2,8,-2,-3,5,-1,-8,-13,-10,-11
1546.0,-7,-3,-2,8,-2,-3,5,-1,-8,-13,-10,-10
1547.0,-7,-3,-2,8,-1,-3,5,-1,-8,-13,-10,-10
1548.0,-7,-3,-2,8,-1,-3,4,-2,-8,-13,-10,-10
1549.0,-7,-3,-2,8,-1,-3,4,-2,-9,-13,-10,-10
1550.0,-6,-3,-2,8,-1,-4,4,-2,-9,-13,-10,-10
1551.0,-6,-3,-2,8,-1,-4,4,-2,-9,-13,-10,-10
1552.0,-6,-3,-2,8,-1,-4,4,-2,-9,-14,-10,-10
1553.0,-6,-3,-2,8,-1,-4,4,-2,-9,-14,-10,-10
1554.0,-6,-2,-2,8,-1,-4,4,-2,-10,-14,-10,-9
1555.0,-6,-2,-2,8,-1,-4,4,-2,-10,-14,-10,-9
1556.0,-6,-2,-2,8,-1,-4,3,-2,-10,-14,-10,-9
1557.0,-5,-2,-2,8,-1,-4,3,-2,-10,-14,-10,-9
1558.0,-5,-2,-2,8,-1,-4,3,-2,-10,-14,-10,-9
1559.0,-5,-2,-2,8,-1,-4,3,-2,-10,-14,-10,-9
1560.0,-5,-2,-2,8,0,-4,3,-2,-11,-14,-10,-9
1561.0,-5,-2,-2,8,0,-4,2,-2,-11,-14,-10,-9
1562.0,-4,-2,-2,8,0,-4,2,-2,-11,-14,-10,-8
1563.0,-4,-2,-2,8,0,-4,2,-2,-11,-14,-10,-8
1564.0,-4,-2,-2,7,0,-4,2,-2,-11,-14,-10,-8
1565.0,-4,-2,-2,7,0,-4,2,-2,-11,-14,-10,-8
1566.0,-4,-1,-2,7,0,-4,1,-2,-12,-14,-10,-8
1567.0,-3,-1,-2,7,0,-4,1,-2,-12,-14,-10,-8
1568.0,-3,-1,-2,7,0,-4,1,-2,-12,-14,-10,-7
1569.0,-3,-1,-3,7,1,-4,1,-2,-12,-14,-10,-7
1570.0,-3,-1,-3,7,1,-4,0,-2,-12,-14,-9,-7
1571.0,-3,-1,-3,7,1,-4,0,-2,-12,-14,-9,-7
1572.0,-3,-1,-3,7,1,-4,0,-2,-12,-14,-9,-7
1573.0,-2,0,-3,6,1,-4,0,-2,-12,-14,-9,-6
1574.0,-2,0,-3,6,1,-4,0,-2,-12,-14,-9,-6
1575.0,-2,0,-3,6,1,-4,-1,-2,-11,-14,-9,-6
1576.0,-2,0,-3,6,1,-4,-1,-2,-11,-14,-9,-6
1577.0,-1,0,-3,6,2,-4,-1,-2,-11,-13,-8,-5
1578.0,-1,0,-3,6,2,-4,-1,-2,-11,-13,-8,-5
1579.0,-1,1,-3,5,2,-4,-1,-2,-11,-13,-8,-5
1580.0,-1,1,-3,5,2,-4,-1,-2,-11,-13,-8,-5
1581.0,-1,1,-3,5,2,-4,-1,-2,-11,-13,-7,-4
1582.0,-1,1,-3,5,2,-4,-1,-2,-10,-13,-7,-4
1583.0,0,1,-3,5,2,-4,-1,-2,-10,-12,-7,-4
1584.0,0,1,-3,5,2,-4,-2,-2,-10,-12,-7,-4
1585.0,0,2,-3,4,2,-3,-2,-2,-10,-12,-6,-3
1586.0,0,2,-4,4,3,-3,-2,-2,-10,-12,-6,-3
1587.0,0,2,-4,4,3,-3,-2,-2,-9,-11,-6,-3
1588.0,1,2,-4,4,3,-3,-2,-2,-9,-11,-6,-3
1589.0,1,2,-4,4,3,-3,-3,-2,-9,-11,-5,-2
1590.0,1,3,-4,4,3,-3,-3,-2,-8,-10,-5,-2
1591.0,1,3,-4,4,3,-3,-3,-2,-8,-10,-5,-2
1592.0,2,3,-4,3,3,-3,-3,-2,-8,-10,-5,-2
1593.0,2,3,-4,3,3,-3,-3,-2,-7,-9,-4,-1
1594.0,2,4,-4,3,3,-3,-3,-2,-7,-9,-4,-1
1595.0,2,4,-4,3,3,-3,-3,-2,-7,-9,-4,-1
1596.0,2,4,-4,3,3,-3,-3,-2,-6,-9,-4,-1
1597.0,2,4,-4,2,3,-3,-4,-2,-6,-8,-3,0
1598.0,2,4,-4,2,3,-3,-4,-2,-6,-8,-3,0
1599.0,2,5,-4,2,3,-2,-4,-1,-5,-7,-3,0
1600.0,2,5,-4,2,3,-2,-4,-1,-5,-7,-2,0
1601.0,2,5,-4,1,3,-2,-4,-1,-5,-7,-2,0
1602.0,3,5,-4,1,3,-2,-4,-1,-5,-6,-2,0
1603.0,3,5,-4,1,3,-2,-4,-1,-5,-6,-2,0
1604.0,3,6,-4,1,3,-2,-4,0,-4,-5,-1,0
1605.0,3,6,-4,1,3,-2,-4,0,-3,-5,-1,0
1606.0,3,6,-4,1,3,-2,-4,0,-3,-5,-1,0
1607.0,3,6,-3,0,4,-1,-4,0,-3,-5,-1,0
1608.0,3,6,-3,0,4,-1,-4,1,-2,-4,-1,0
1609.0,3,6,-3,0,4,-1,-4,1,-2,-4,-1,0
1610.0,3,6,-3,0,4,-1,-4,1,-1,-4,-1,0
1611.0,3,6,-3,0,4,-1,-4,1,-1,-4,-1,0
1612.0,3,6,-3,0,4,-1,-4,1,0,-4,-1,0
1613.0,3,7,-3,0,4,-1,-4,1,0,-3,0,0
1614.0,3,7,-3,0,4,-1,-4,1,0,-3,0,0
1615.0,3,7,-3,0,4,0,-4,1,0,-3,0,0
1616.0,4,7,-3,0,4,0,-4,2,1,-3,0,0
1617.0,4,7,-3,0,4,0,-4,2,1,-3,0,0
1618.0,4,7,-3,0,4,0,-4,2,1,-2,0,0
1619.0,4,7,-3,0,4,0,-4,2,1,-2,0,0
1620.0,4,7,-3,0,4,0,-4,2,2,-2,0,0
1621.0,4,7,-3,0,4,0,-4,2,2,-1,1,0
1622.0,4,7,-2,0,4,0,-4,2,2,-1,1,0
1623.0,3,7,-2,-1,4,0,-4,2,2,-1,1,0
1624.0,3,7,-2,-1,4,0,-4,2,3,-1,1,0
1625.0,3,8,-2,-1,4,0,-4,2,3,-1,1,0
1626.0,3,8,-2,-1,4,0,-4,2,3,-1,1,0
1627.0,3,8,-2,-1,4,0,-4,2,3,0,1,0
1628.0,3,8,-2,-1,3,0,-3,2,3,0,1,0
1629.0,3,8,-2,-1,3,0,-3,2,3,0,1,0
1630.0,3,8,-2,-1,3,0,-3,2,3,0,1,0
1631.0,3,8,-2,-1,3,0,-3,2,3,0,1,0
1632.0,3,8,-2,-1,3,0,-3,2,3,0,1,0
1633.0,3,8,-2,-1,3,0,-3,2,3,0,1,0
1634.0,3,8,-2,-1,3,0,-3,2,3,0,1,0
1635.0,3,9,-2,-1,3,1,-2,1,4,1,1,0
1636.0,3,9,-2,-1,3,1,-2,1,4,1,1,0
1637.0,3,9,-2,-1,3,1,-2,1,4,1,1,0
1638.0,3,9,-2,-1,3,1,-2,1,4,1,1,0
1639.0,3,9,-2,-1,3,1,-2,1,4,1,1,0
1640.0,3,9,-2,-1,3,1,-2,1,4,1,1,0
1641.0,2,9,-1,-1,3,1,-2,1,4,1,1,0
1642.0,2,9,-1,-1,3,1,-2,1,4,1,1,0
1643.0,2,9,-1,-1,3,2,-2,1,4,1,1,0
1644.0,2,9,-1,-2,3,2,-2,1,4,1,1,0
1645.0,2,9,-1,-2,3,2,-2,1,4,1,1,0
1646.0,2,9,-1,-2,3,2,-2,1,4,1,1,0
1647.0,2,9,-1,-2,3,2,-2,1,4,1,1,0
1648.0,2,9,-1,-2,3,2,-2,1,4,1,1,0
1649.0,2,9,-1,-2,3,2,-2,1,4,1,1,0
1650.0,2,9,0,-2,3,2,-2,1,4,1,1,0
1651.0,2,10,0,-2,3,2,-2,0,4,1,1,0
1652.0,3,10,0,-2,3,2,-2,0,4,1,1,0
1653.0,3,10,0,-2,3,2,-2,0,4,1,1,0
1654.0,3,10,0,-2,3,2,-2,0,4,1,1,0
1655.0,3,10,0,-2,3,3,-2,0,4,1,1,0
1656.0,3,10,0,-2,3,3,-2,0,4,1,1,0
1657.0,3,10,0,-2,3,3,-2,0,4,1,1,0
1658.0,3,10,0,-2,3,3,-2,0,4,1,1,0
1659.0,3,10,0,-2,3,3,-2,0,4,1,1,0
1660.0,3,10,0,-2,3,3,-2,0,4,1,1,0
1661.0,3,10,0,-2,3,3,-2,0,4,1,1,0
